-- phpMyAdmin SQL Dump
-- version 5.2.1
-- https://www.phpmyadmin.net/
--
-- Hôte : 127.0.0.1
-- Généré le : mer. 04 déc. 2024 à 18:38
-- Version du serveur : 10.4.32-MariaDB
-- Version de PHP : 8.2.12

SET SQL_MODE = "NO_AUTO_VALUE_ON_ZERO";
START TRANSACTION;
SET time_zone = "+00:00";


/*!40101 SET @OLD_CHARACTER_SET_CLIENT=@@CHARACTER_SET_CLIENT */;
/*!40101 SET @OLD_CHARACTER_SET_RESULTS=@@CHARACTER_SET_RESULTS */;
/*!40101 SET @OLD_COLLATION_CONNECTION=@@COLLATION_CONNECTION */;
/*!40101 SET NAMES utf8mb4 */;

--
-- Base de données : `cartegabon`
--

-- --------------------------------------------------------

--
-- Structure de la table `arrondissements`
--

CREATE TABLE `arrondissements` (
  `id` bigint(20) UNSIGNED NOT NULL,
  `arrondissement` varchar(255) NOT NULL,
  `created_at` timestamp NULL DEFAULT NULL,
  `updated_at` timestamp NULL DEFAULT NULL
) ENGINE=InnoDB DEFAULT CHARSET=utf8mb4 COLLATE=utf8mb4_unicode_ci;

--
-- Déchargement des données de la table `arrondissements`
--

INSERT INTO `arrondissements` (`id`, `arrondissement`, `created_at`, `updated_at`) VALUES
(1, '1er  arrondissement', NULL, NULL),
(2, '2eme arrondissement ', NULL, NULL),
(3, '3eme arrondissement', NULL, NULL),
(4, '4eme arrondissement', NULL, NULL),
(5, '5eme arrondissement', NULL, NULL),
(6, '6eme arrondissement', NULL, NULL);

-- --------------------------------------------------------

--
-- Structure de la table `cache`
--

CREATE TABLE `cache` (
  `key` varchar(255) NOT NULL,
  `value` mediumtext NOT NULL,
  `expiration` int(11) NOT NULL
) ENGINE=InnoDB DEFAULT CHARSET=utf8mb4 COLLATE=utf8mb4_unicode_ci;

-- --------------------------------------------------------

--
-- Structure de la table `cache_locks`
--

CREATE TABLE `cache_locks` (
  `key` varchar(255) NOT NULL,
  `owner` varchar(255) NOT NULL,
  `expiration` int(11) NOT NULL
) ENGINE=InnoDB DEFAULT CHARSET=utf8mb4 COLLATE=utf8mb4_unicode_ci;

-- --------------------------------------------------------

--
-- Structure de la table `centrevotes`
--

CREATE TABLE `centrevotes` (
  `id` bigint(20) UNSIGNED NOT NULL,
  `centrevote` varchar(255) NOT NULL,
  `siege_id` bigint(20) UNSIGNED NOT NULL,
  `province_id` bigint(20) UNSIGNED NOT NULL,
  `created_at` timestamp NULL DEFAULT NULL,
  `updated_at` timestamp NULL DEFAULT NULL,
  `commoudept_id` bigint(20) UNSIGNED NOT NULL,
  `arrondissement_id` bigint(20) UNSIGNED DEFAULT NULL
) ENGINE=InnoDB DEFAULT CHARSET=utf8mb4 COLLATE=utf8mb4_unicode_ci;

--
-- Déchargement des données de la table `centrevotes`
--

INSERT INTO `centrevotes` (`id`, `centrevote`, `siege_id`, `province_id`, `created_at`, `updated_at`, `commoudept_id`, `arrondissement_id`) VALUES
(1, 'ECOLE CONVENTIONEE DES CHARBONNAGES', 1, 1, '2024-12-04 13:51:39', '2024-12-04 13:51:39', 8, 1),
(2, 'ECOLE PUBLIQUE ALIBADENG', 1, 1, '2024-12-04 13:51:39', '2024-12-04 13:51:39', 8, 1),
(3, ' ECOLE PUBLIQUE AMBOWE', 1, 1, '2024-12-04 13:51:39', '2024-12-04 13:51:39', 8, 1),
(4, ' ECOLE PUBLIQUE CHARBONNAGES', 1, 1, '2024-12-04 13:51:39', '2024-12-04 13:51:39', 8, 1),
(5, 'ECOLE PUBLIQUE OKALA', 1, 1, '2024-12-04 13:51:39', '2024-12-04 13:51:39', 8, 1),
(6, 'ECOLE PUBLIQUE OKALA B', 1, 1, '2024-12-04 13:51:39', '2024-12-04 13:51:39', 8, 1),
(7, 'LYCEE INDJENDJE GONDJOUT', 1, 1, '2024-12-04 13:51:39', '2024-12-04 13:51:39', 8, 1),
(8, 'COMPLEXE SCOLAIRE IRIS D’ONDOGO 1', 1, 1, '2024-12-04 13:51:39', '2024-12-04 13:51:39', 8, 1),
(9, 'CES ANGE MBA', 2, 1, '2024-12-04 13:51:39', '2024-12-04 13:51:39', 8, 1),
(10, 'CES PRIVE DE LOUIS', 2, 1, '2024-12-04 13:51:39', '2024-12-04 13:51:39', 8, 1),
(11, 'COLLEGE NOTRE DAME DE QUABEN', 2, 1, '2024-12-04 13:51:39', '2024-12-04 13:51:39', 8, 1),
(12, 'ECOLE CONVENTIONNÉE GROS BOUQUET 1', 2, 1, '2024-12-04 13:51:39', '2024-12-04 13:51:39', 8, 1),
(13, 'ECOLE CONVENTIONNÉE GROS BOUQUET 2', 2, 1, '2024-12-04 13:51:39', '2024-12-04 13:51:39', 8, 1),
(14, 'ECOLE PUBLIQUE BAS GUE-GUE', 2, 1, '2024-12-04 13:51:39', '2024-12-04 13:51:39', 8, 1),
(15, 'ECOLE PUBLIQUE ENS A', 2, 1, '2024-12-04 13:51:39', '2024-12-04 13:51:39', 8, 1),
(16, 'ECOLE PUBLIQUE ENS B', 2, 1, '2024-12-04 13:51:39', '2024-12-04 13:51:39', 8, 1),
(17, 'ECOLE PUB.ENSET A', 2, 1, '2024-12-04 13:51:39', '2024-12-04 13:51:39', 8, 1),
(18, 'ECOLE PUBLIQUE ENSET B', 2, 1, '2024-12-04 13:51:39', '2024-12-04 13:51:39', 8, 1),
(19, 'ECOLE PUBLIQUE BA OUMAR', 2, 1, '2024-12-04 13:51:39', '2024-12-04 13:51:39', 8, 1),
(20, 'ECOLE PUBLIQUE.DE LOUIS', 2, 1, '2024-12-04 13:51:39', '2024-12-04 13:51:39', 8, 1),
(21, 'ECOLE PUBLIQUE GROS BOUQUET 4', 2, 1, '2024-12-04 13:51:39', '2024-12-04 13:51:39', 8, 1),
(22, 'LYCEE LEON MBA', 2, 1, '2024-12-04 13:51:39', '2024-12-04 13:51:39', 8, 1),
(23, 'LYCEE NELSON MANDELA', 2, 1, '2024-12-04 13:51:39', '2024-12-04 13:51:39', 8, 1),
(24, 'COLLEGE PRIVE SAINTE LYDIE', 1, 1, '2024-12-04 13:51:39', '2024-12-04 13:51:39', 8, 2),
(25, 'COLLEGE PRIVE SAINT NICOLAS', 1, 1, '2024-12-04 13:51:39', '2024-12-04 13:51:39', 8, 2),
(26, 'ECOLE PUBLIQUE MARTINE OULABOU A', 1, 1, '2024-12-04 13:51:39', '2024-12-04 13:51:39', 8, 2),
(27, 'ECOLE PUBLIQUE MARTINE OULABOU B', 1, 1, '2024-12-04 13:51:39', '2024-12-04 13:51:39', 8, 2),
(28, 'ECOLE CATHOLIQUE MONTFORT', 1, 1, '2024-12-04 13:51:39', '2024-12-04 13:51:39', 8, 2),
(29, 'ECOLE SAINT JOSEPH 1', 1, 1, '2024-12-04 13:51:39', '2024-12-04 13:51:39', 8, 2),
(30, 'ECOLE SAINTE MARIE', 1, 1, '2024-12-04 13:51:39', '2024-12-04 13:51:39', 8, 2),
(31, 'CENTRE PRESCOLAIRE DOMI', 1, 1, '2024-12-04 13:51:39', '2024-12-04 13:51:39', 8, 2),
(32, 'ECOLE PUBLIQUE CITE MEBIAME', 2, 1, '2024-12-04 13:51:39', '2024-12-04 13:51:39', 8, 2),
(33, 'ECOLE NATIONALE SUPERIEURE SECRETARIAT (IUSSO)', 2, 1, '2024-12-04 13:51:39', '2024-12-04 13:51:39', 8, 2),
(34, 'ECOLE PUBLIQUE SOTEGA', 2, 1, '2024-12-04 13:51:39', '2024-12-04 13:51:39', 8, 2),
(35, 'ECOLE ST MICHEL A', 2, 1, '2024-12-04 13:51:39', '2024-12-04 13:51:39', 8, 2),
(36, 'ECOLE ST MICHEL B', 2, 1, '2024-12-04 13:51:39', '2024-12-04 13:51:39', 8, 2),
(37, 'ENESP (ANCIEN COLLEGE DES RETRAITES)', 2, 1, '2024-12-04 13:51:39', '2024-12-04 13:51:39', 8, 2),
(38, 'JARDIN DIVIN D’AMOUR', 2, 1, '2024-12-04 13:51:39', '2024-12-04 13:51:39', 8, 2),
(39, 'ECOLE PUBLIQUE NZENG AYONG DU LAC', 2, 1, '2024-12-04 13:51:39', '2024-12-04 13:51:39', 8, 2),
(40, 'BASE SOTRAVIL (SOGATRA)', 1, 1, '2024-12-04 13:51:39', '2024-12-04 13:51:39', 8, 3),
(41, 'C.SOCIAL HYACINTHE ANTINI', 1, 1, '2024-12-04 13:51:39', '2024-12-04 13:51:39', 8, 3),
(42, 'CES AKEBE A', 1, 1, '2024-12-04 13:51:39', '2024-12-04 13:51:39', 8, 3),
(43, 'CASE D’ECOUTE CARR. HASSAN', 1, 1, '2024-12-04 13:51:39', '2024-12-04 13:51:39', 8, 3),
(44, 'CENTRE PRESCOLAIRE NOMBAKELE', 1, 1, '2024-12-04 13:51:39', '2024-12-04 13:51:39', 8, 3),
(45, 'CES AKEBE B', 1, 1, '2024-12-04 13:51:39', '2024-12-04 13:51:39', 8, 3),
(46, 'ECOLE PUBLIQUE MONT BOUET II', 1, 1, '2024-12-04 13:51:39', '2024-12-04 13:51:39', 8, 3),
(47, 'ECOLE CATHOLIQUE SAINTE ANNE', 1, 1, '2024-12-04 13:51:39', '2024-12-04 13:51:39', 8, 3),
(48, 'ECOLE MONT BOUET I (SORBONNE)', 1, 1, '2024-12-04 13:51:39', '2024-12-04 13:51:39', 8, 3),
(49, 'ECOLE PILOTE DU CENTRE', 1, 1, '2024-12-04 13:51:39', '2024-12-04 13:51:39', 8, 3),
(50, 'ECOLE PUBLIQUE LA PEYRIE', 1, 1, '2024-12-04 13:51:40', '2024-12-04 13:51:40', 8, 3),
(51, 'ECOLE PUBLIQUE AKEBE I', 1, 1, '2024-12-04 13:51:40', '2024-12-04 13:51:40', 8, 3),
(52, 'ECOLE URBAINE DU CENTRE A', 1, 1, '2024-12-04 13:51:40', '2024-12-04 13:51:40', 8, 3),
(53, 'ECOLE URBAINE DU CENTRE B', 1, 1, '2024-12-04 13:51:40', '2024-12-04 13:51:40', 8, 3),
(54, 'COLLEGE EVOLUTION', 2, 1, '2024-12-04 13:51:40', '2024-12-04 13:51:40', 8, 3),
(55, 'ECOLE PUBLIQUE AKEBE BELLE VUE 1 A', 2, 1, '2024-12-04 13:51:40', '2024-12-04 13:51:40', 8, 3),
(56, 'ECOLE P. AKEBE BELLE VUE 1 B', 2, 1, '2024-12-04 13:51:40', '2024-12-04 13:51:40', 8, 3),
(57, 'ECOLE PUBLIQUE VENEZ VOIR', 2, 1, '2024-12-04 13:51:40', '2024-12-04 13:51:40', 8, 3),
(58, 'LYCEE MABIGNATH (ANCIENNE ECOLE PUBLIQUE AKEBE VILLE OPT)', 2, 1, '2024-12-04 13:51:40', '2024-12-04 13:51:40', 8, 3),
(59, 'ECOLE BELLE VUE II', 2, 1, '2024-12-04 13:51:40', '2024-12-04 13:51:40', 8, 3),
(60, 'ECOLE PUBLIQUE DE KINGUELE', 2, 1, '2024-12-04 13:51:40', '2024-12-04 13:51:40', 8, 3),
(61, 'ECOLE PUBLIQUE PK8-2', 2, 1, '2024-12-04 13:51:40', '2024-12-04 13:51:40', 8, 3),
(62, 'ECOLE PUBLIQUE PK8-1', 2, 1, '2024-12-04 13:51:40', '2024-12-04 13:51:40', 8, 3),
(63, 'JARDIN D’ENFANT CNSS', 2, 1, '2024-12-04 13:51:40', '2024-12-04 13:51:40', 8, 3),
(64, 'CENTRE SOCIAL AKEBE', 1, 1, '2024-12-04 13:51:40', '2024-12-04 13:51:40', 8, 4),
(65, 'CES EVANGELIQUE', 1, 1, '2024-12-04 13:51:40', '2024-12-04 13:51:40', 8, 4),
(66, 'ECOLE PUBLIQUE AKEBE II B', 1, 1, '2024-12-04 13:51:40', '2024-12-04 13:51:40', 8, 4),
(67, 'ECOLE PUBLIQUE AKEBE II A', 1, 1, '2024-12-04 13:51:40', '2024-12-04 13:51:40', 8, 4),
(68, 'ECOLE PUBLIQUE AWENDJE', 1, 1, '2024-12-04 13:51:40', '2024-12-04 13:51:40', 8, 4),
(69, 'COURS AMBOUROUET', 2, 1, '2024-12-04 13:51:40', '2024-12-04 13:51:40', 8, 4),
(70, 'ECOLE NOTRE DAME DES VICTOIRES A', 2, 1, '2024-12-04 13:51:40', '2024-12-04 13:51:40', 8, 4),
(71, 'ECOLE NOTRE DAME DES VICTOIRES B', 2, 1, '2024-12-04 13:51:40', '2024-12-04 13:51:40', 8, 4),
(72, 'ECOLE PUBLIQUE PLAINE NIGER A', 2, 1, '2024-12-04 13:51:40', '2024-12-04 13:51:40', 8, 4),
(73, 'ECOLE BATAVEA', 2, 1, '2024-12-04 13:51:40', '2024-12-04 13:51:40', 8, 4),
(74, 'ECOLE CONSUL.CHAMBRE COMMERCE', 2, 1, '2024-12-04 13:51:40', '2024-12-04 13:51:40', 8, 4),
(75, 'ECOLE PUBLIQUE BATAVEA 1', 2, 1, '2024-12-04 13:51:40', '2024-12-04 13:51:40', 8, 4),
(76, 'C.E.S BATAVEA (ANCIENNE ECOLE PUBLIQUE BATAVEA 2)', 2, 1, '2024-12-04 13:51:40', '2024-12-04 13:51:40', 8, 4),
(77, 'ECOLE PUBLIQUE PLAINE NIGER B', 2, 1, '2024-12-04 13:51:40', '2024-12-04 13:51:40', 8, 4),
(78, 'ECOLE PUBLIQUE DE GLASS', 2, 1, '2024-12-04 13:51:40', '2024-12-04 13:51:40', 8, 4),
(79, 'CES MINDOUMBE II', 1, 1, '2024-12-04 13:51:40', '2024-12-04 13:51:40', 8, 5),
(80, 'ECOLE PUBLIQUE MINDOUMBE I', 1, 1, '2024-12-04 13:51:40', '2024-12-04 13:51:40', 8, 5),
(81, 'ECOLE CITE DAMAS II', 1, 1, '2024-12-04 13:51:40', '2024-12-04 13:51:40', 8, 5),
(82, 'ECOLE DAMAS A', 1, 1, '2024-12-04 13:51:40', '2024-12-04 13:51:40', 8, 5),
(83, 'ECOLE PUBLIQUE BISSEGUE', 1, 1, '2024-12-04 13:51:40', '2024-12-04 13:51:40', 8, 5),
(84, 'ECOLE PUBLIQUE CITE DAMAS 1 7- ECOLE PUBLIQUE DAMAS', 1, 1, '2024-12-04 13:51:40', '2024-12-04 13:51:40', 8, 5),
(85, 'ECOLE PUBLIQUE OZANGUE', 1, 1, '2024-12-04 13:51:40', '2024-12-04 13:51:40', 8, 5),
(86, 'I.A.I.', 1, 1, '2024-12-04 13:51:40', '2024-12-04 13:51:40', 8, 5),
(87, 'MELEN PK11-1 (ECOLE PROTESTANTE)', 1, 1, '2024-12-04 13:51:40', '2024-12-04 13:51:40', 8, 5),
(88, 'MELEN PK11- 2 (ENA)', 1, 1, '2024-12-04 13:51:40', '2024-12-04 13:51:40', 8, 5),
(89, 'MELEN PK11-3 (NZENG-MIANG)', 1, 1, '2024-12-04 13:51:40', '2024-12-04 13:51:40', 8, 5),
(90, 'ECOLE PUBLIQUE D’OZOUNGUE', 2, 1, '2024-12-04 13:51:40', '2024-12-04 13:51:40', 8, 5),
(91, 'INST.NAT. JEUNESSE & SPORTS', 2, 1, '2024-12-04 13:51:40', '2024-12-04 13:51:40', 8, 5),
(92, 'CENTRE PRESCOLAIRE LALALA 1', 2, 1, '2024-12-04 13:51:40', '2024-12-04 13:51:40', 8, 5),
(93, 'ECOLE PUBLIQUE LALALA 1', 2, 1, '2024-12-04 13:51:40', '2024-12-04 13:51:40', 8, 5),
(94, 'ECOLE SAINTE THERESE LALALA', 2, 1, '2024-12-04 13:51:40', '2024-12-04 13:51:40', 8, 5),
(95, 'LYCEE EMANE EYEGHE (LYCEE D’OLOUMI)', 2, 1, '2024-12-04 13:51:40', '2024-12-04 13:51:40', 8, 5),
(96, 'LYCEE MONTALIER', 1, 1, '2024-12-04 13:51:40', '2024-12-04 13:51:40', 8, 6),
(97, 'ECOLE PUBLIQUE BAMBOUCHINE', 1, 1, '2024-12-04 13:51:40', '2024-12-04 13:51:40', 8, 6),
(98, 'LYCEE DE L’AMITIE', 1, 1, '2024-12-04 13:51:40', '2024-12-04 13:51:40', 8, 6),
(99, 'LYCEE DJOUE DABANY', 1, 1, '2024-12-04 13:51:40', '2024-12-04 13:51:40', 8, 6),
(100, 'LYCEE OBIANG ETOUGHE', 1, 1, '2024-12-04 13:51:40', '2024-12-04 13:51:40', 8, 6),
(101, 'OVENG', 1, 1, '2024-12-04 13:51:40', '2024-12-04 13:51:40', 8, 6),
(102, 'AKOUGBE', 1, 1, '2024-12-04 13:51:40', '2024-12-04 13:51:40', 8, 6),
(103, 'VILLAGE ONDOGHE', 1, 1, '2024-12-04 13:51:40', '2024-12-04 13:51:40', 8, 6),
(104, 'COMPLEXE SCO. LA GRACE DIVINE DES OLIVIERS (DERRIERE HOP. MIL)', 1, 1, '2024-12-04 13:51:40', '2024-12-04 13:51:40', 8, 6),
(105, 'COMPLEXE SCOLAIRE LES OLIVIERS VERDOYANTS (PK12)', 1, 1, '2024-12-04 13:51:40', '2024-12-04 13:51:40', 8, 6),
(106, 'ECOLE SEMENCE ROYALE (ONDOGHE 2)', 1, 1, '2024-12-04 13:51:40', '2024-12-04 13:51:40', 8, 6),
(107, 'ECOLE PUBLIQUE DRAGAGES', 2, 1, '2024-12-04 13:51:40', '2024-12-04 13:51:40', 8, 6),
(108, 'ECOLE PUBLIQUE NZENG AYONG 1', 2, 1, '2024-12-04 13:51:40', '2024-12-04 13:51:40', 8, 6),
(109, 'ECOLE PUBLIQUE NZENG AYONG 2', 2, 1, '2024-12-04 13:51:40', '2024-12-04 13:51:40', 8, 6),
(110, 'ECOLE PUBLIQUE NZENG AYONG 3', 2, 1, '2024-12-04 13:51:40', '2024-12-04 13:51:40', 8, 6),
(111, 'ECOLE PUBLIQUE NZENG AYONG (NOUV. CITE)', 2, 1, '2024-12-04 13:51:40', '2024-12-04 13:51:40', 8, 6),
(112, 'ECOLE PUBLIQUE NZENG AYONG 4', 2, 1, '2024-12-04 13:51:40', '2024-12-04 13:51:40', 8, 6),
(113, 'ECOLE PUBLIQUE SIBANG 2', 2, 1, '2024-12-04 13:51:40', '2024-12-04 13:51:40', 8, 6),
(114, 'ECOLE PUBLIQUE SIBANG III', 2, 1, '2024-12-04 13:51:40', '2024-12-04 13:51:40', 8, 6),
(115, 'LYCEE JEAN HILAIRE OBAME', 2, 1, '2024-12-04 13:51:40', '2024-12-04 13:51:40', 8, 6),
(116, 'BOLOKOBOUET', 1, 1, '2024-12-04 13:51:40', '2024-12-04 13:51:40', 8, 1),
(117, 'CAP SANTA CLARA', 1, 1, '2024-12-04 13:51:40', '2024-12-04 13:51:40', 8, 1),
(118, 'ECOLE PUBLIQUE CAP ESTERIAS', 1, 1, '2024-12-04 13:51:40', '2024-12-04 13:51:40', 8, 1),
(119, 'ECOLE NATIONALE DES EAUX FORETS', 1, 1, '2024-12-04 13:51:40', '2024-12-04 13:51:40', 8, 1),
(120, 'ILE MBANIE', 1, 1, '2024-12-04 13:51:40', '2024-12-04 13:51:40', 8, 1),
(121, 'MALIBE I', 1, 1, '2024-12-04 13:51:40', '2024-12-04 13:51:40', 8, 1),
(122, 'MALIBE II', 1, 1, '2024-12-04 13:51:40', '2024-12-04 13:51:40', 8, 1),
(123, 'PREMIER CAMPEMENT', 1, 1, '2024-12-04 13:51:40', '2024-12-04 13:51:40', 8, 1),
(124, 'KOUBOU KOUBOU', 1, 1, '2024-12-04 13:51:40', '2024-12-04 13:51:40', 8, 1),
(125, 'ECOLE PUBLIQUE ANGONDJE', 1, 1, '2024-12-04 13:51:40', '2024-12-04 13:51:40', 8, 2),
(126, 'ANGONDJE NTOM', 1, 1, '2024-12-04 13:51:40', '2024-12-04 13:51:40', 8, 2),
(127, 'CES AVORMBAM', 1, 1, '2024-12-04 13:51:40', '2024-12-04 13:51:40', 8, 2),
(128, 'CES ANGONDJE (Louis BIGMAN)', 1, 1, '2024-12-04 13:51:40', '2024-12-04 13:51:40', 8, 2),
(129, 'ECOLE PUBLIQUE AGOUNGOU', 1, 1, '2024-12-04 13:51:40', '2024-12-04 13:51:40', 8, 1),
(130, 'ECOLE PUBLIQUE AKOURNAM 1', 1, 1, '2024-12-04 13:51:40', '2024-12-04 13:51:40', 8, 1),
(131, 'ECOLE PUBLIQUE ALENAKIRI 1', 1, 1, '2024-12-04 13:51:40', '2024-12-04 13:51:40', 8, 1),
(132, 'ECOLE PUBLIQUE SNI 1', 1, 1, '2024-12-04 13:51:40', '2024-12-04 13:51:40', 8, 1),
(133, 'ECOLE PUBLIQUE SNI 2', 1, 1, '2024-12-04 13:51:40', '2024-12-04 13:51:40', 8, 1),
(134, 'ECOLE PUBLIQUE SETRAG (TRANSGABONAIS)', 1, 1, '2024-12-04 13:51:40', '2024-12-04 13:51:40', 8, 1),
(135, 'LYCEE SCIENTIFIQUE', 1, 1, '2024-12-04 13:51:40', '2024-12-04 13:51:40', 8, 1),
(136, 'LYCEE TECHNIQUE', 1, 1, '2024-12-04 13:51:40', '2024-12-04 13:51:40', 8, 1),
(137, 'UNIVERSITE DES SCIENCES DE LA SANTE', 1, 1, '2024-12-04 13:51:40', '2024-12-04 13:51:40', 8, 1),
(138, 'ECOLE PUBLIQUE AKOURNAM 2', 1, 1, '2024-12-04 13:51:40', '2024-12-04 13:51:40', 8, 2),
(139, 'IGOUMIE SECTEUR 1', 1, 1, '2024-12-04 13:51:40', '2024-12-04 13:51:40', 8, 2),
(140, 'COMPLEXE SCOLAIRE LES CRACKS (AKOURNAM)', 1, 1, '2024-12-04 13:51:40', '2024-12-04 13:51:40', 8, 2),
(141, 'AKONEKI (SCIERIE)', 1, 1, '2024-12-04 13:51:40', '2024-12-04 13:51:40', 8, 1),
(142, 'CIAM ADMINISTRATION', 1, 1, '2024-12-04 13:51:40', '2024-12-04 13:51:40', 8, 1),
(143, 'ECOLE PUBLIQUE FOYER CIMENTERIE', 1, 1, '2024-12-04 13:51:40', '2024-12-04 13:51:40', 8, 1),
(144, 'ECOLE CATHOLIQUE ST THOMAS', 1, 1, '2024-12-04 13:51:40', '2024-12-04 13:51:40', 8, 1),
(145, 'ECOLE PUBLIQUE NTOUM 1', 1, 1, '2024-12-04 13:51:40', '2024-12-04 13:51:40', 8, 1),
(146, 'ECOLE PUBLIQUE NTOUM 6 (DAME OYEM)', 1, 1, '2024-12-04 13:51:40', '2024-12-04 13:51:40', 8, 1),
(147, 'ECOLE PUBLIQUE MATOTO (CIAM EXTENSION)', 1, 1, '2024-12-04 13:51:40', '2024-12-04 13:51:40', 8, 1),
(148, 'LYCEE DE NTOUM (ASSORA)', 1, 1, '2024-12-04 13:51:40', '2024-12-04 13:51:40', 8, 1),
(149, 'MEKONANAM', 1, 1, '2024-12-04 13:51:40', '2024-12-04 13:51:40', 8, 1),
(150, 'MEYANG CHEFFERIE', 1, 1, '2024-12-04 13:51:40', '2024-12-04 13:51:40', 8, 1),
(151, 'ECOLE PUBLIQUE MFOULAYONG', 1, 1, '2024-12-04 13:51:40', '2024-12-04 13:51:40', 8, 1),
(152, 'ECOLE PUBLIQUE NKAN', 1, 1, '2024-12-04 13:51:40', '2024-12-04 13:51:40', 8, 1),
(153, 'ECOLE PUBLIQUE OKOLOSSI', 1, 1, '2024-12-04 13:51:40', '2024-12-04 13:51:40', 8, 1),
(154, 'ECOLE PUB. AYEME PLAINE', 1, 1, '2024-12-04 13:51:40', '2024-12-04 13:51:40', 8, 2),
(155, 'ECOLE CATHOLIQUE ESSASSA NZOGMINTANG', 1, 1, '2024-12-04 13:51:40', '2024-12-04 13:51:40', 8, 2),
(156, 'ECOLE CATHOLIQUE NKOK 1 PK27', 1, 1, '2024-12-04 13:51:40', '2024-12-04 13:51:40', 8, 2),
(157, 'SHM NKOK 1 PK27', 1, 1, '2024-12-04 13:51:40', '2024-12-04 13:51:40', 8, 2),
(158, 'ECOLE PROT. NKOLTANG 1', 1, 1, '2024-12-04 13:51:40', '2024-12-04 13:51:40', 8, 2),
(159, 'ECOLE PROT. NKOLTANG 2', 1, 1, '2024-12-04 13:51:40', '2024-12-04 13:51:40', 8, 2),
(160, 'ECOLE PUBLIQUE DE BIKELE', 1, 1, '2024-12-04 13:51:40', '2024-12-04 13:51:40', 8, 3),
(161, 'BIZANGO BIBERE', 1, 1, '2024-12-04 13:51:40', '2024-12-04 13:51:40', 8, 3),
(162, 'ECOLE PUBLIQUE .J.L.NZE BIYOGHO', 1, 1, '2024-12-04 13:51:40', '2024-12-04 13:51:40', 8, 3),
(163, 'LYCEE MARIE THERESE ESSOLA (PK 13)', 1, 1, '2024-12-04 13:51:40', '2024-12-04 13:51:40', 8, 3),
(164, 'PROJET GOAL', 1, 1, '2024-12-04 13:51:40', '2024-12-04 13:51:40', 8, 3),
(165, 'ECOLE PUBLIQUE AKOK', 1, 1, '2024-12-04 13:51:40', '2024-12-04 13:51:40', 8, NULL),
(166, 'AKOK MISSION CHINOISE', 1, 1, '2024-12-04 13:51:40', '2024-12-04 13:51:40', 8, NULL),
(167, 'DISPENSAIRE ATANGA', 1, 1, '2024-12-04 13:51:40', '2024-12-04 13:51:40', 8, NULL),
(168, 'ECOLE PUBLIQUE AYEME MARITIME', 1, 1, '2024-12-04 13:51:40', '2024-12-04 13:51:40', 8, NULL),
(169, 'ECOLE PUBLIQUE ELONG EKO', 1, 1, '2024-12-04 13:51:40', '2024-12-04 13:51:40', 8, NULL),
(170, 'ECOLE PRIVEE CATHOLIQUE DONGUILA', 1, 1, '2024-12-04 13:51:40', '2024-12-04 13:51:40', 8, NULL),
(171, 'ECOLE PRIVEE CATHOLIQUE MEBBA 1 ET 2', 1, 1, '2024-12-04 13:51:40', '2024-12-04 13:51:40', 8, NULL),
(172, 'ECOLE PUBLIQUE NZOGBOUR', 1, 1, '2024-12-04 13:51:40', '2024-12-04 13:51:40', 8, NULL),
(173, 'ECOLE PUBLIQUE NZAMALIGUE', 1, 1, '2024-12-04 13:51:40', '2024-12-04 13:51:40', 8, NULL),
(174, 'NZOG BOUR', 1, 1, '2024-12-04 13:51:40', '2024-12-04 13:51:40', 8, NULL),
(175, 'NZOULAMEYONG', 1, 1, '2024-12-04 13:51:40', '2024-12-04 13:51:40', 8, NULL),
(176, 'AYENE FALE (NGOUANDJI)', 1, 1, '2024-12-04 13:51:40', '2024-12-04 13:51:40', 8, NULL),
(177, 'ATONDA SIMBA', 1, 1, '2024-12-04 13:51:40', '2024-12-04 13:51:40', 8, NULL),
(178, 'BISSOBINAM', 1, 1, '2024-12-04 13:51:40', '2024-12-04 13:51:40', 8, NULL),
(179, 'CHINCHOUA', 1, 1, '2024-12-04 13:51:40', '2024-12-04 13:51:40', 8, NULL),
(180, 'METECK MAVI', 1, 1, '2024-12-04 13:51:40', '2024-12-04 13:51:40', 8, NULL),
(181, 'MFOULENZEM CENTRE', 1, 1, '2024-12-04 13:51:40', '2024-12-04 13:51:40', 8, NULL),
(182, 'MVAM', 1, 1, '2024-12-04 13:51:40', '2024-12-04 13:51:40', 8, NULL),
(183, 'NDZOMOE', 1, 1, '2024-12-04 13:51:40', '2024-12-04 13:51:40', 8, NULL),
(184, 'NIONYE', 1, 1, '2024-12-04 13:51:40', '2024-12-04 13:51:40', 8, NULL),
(185, 'OBELO', 1, 1, '2024-12-04 13:51:40', '2024-12-04 13:51:40', 8, NULL),
(186, 'OYANE', 1, 1, '2024-12-04 13:51:40', '2024-12-04 13:51:40', 8, NULL),
(187, 'POINTE DENIS', 1, 1, '2024-12-04 13:51:40', '2024-12-04 13:51:40', 8, NULL),
(188, 'AKONAM MVINVI', 1, 1, '2024-12-04 13:51:40', '2024-12-04 13:51:40', 8, NULL),
(189, 'ASSENG FORET', 1, 1, '2024-12-04 13:51:40', '2024-12-04 13:51:40', 8, NULL),
(190, 'ATSINGNANG', 1, 1, '2024-12-04 13:51:40', '2024-12-04 13:51:40', 8, NULL),
(191, 'BELE AKANABOUR', 1, 1, '2024-12-04 13:51:40', '2024-12-04 13:51:40', 8, NULL),
(192, 'ECOLE PUBLIQUE ANDEM 1 ET 2', 1, 1, '2024-12-04 13:51:40', '2024-12-04 13:51:40', 8, NULL),
(193, 'ECOLE PUBLIQUE ASSENG PK60 ET PK 68', 1, 1, '2024-12-04 13:51:40', '2024-12-04 13:51:40', 8, NULL),
(194, 'ECOLE PUBLIQUE KANGO CENTRE 1', 1, 1, '2024-12-04 13:51:40', '2024-12-04 13:51:40', 8, NULL),
(195, 'ECOLE PUBLIQUE KOUGOULEU', 1, 1, '2024-12-04 13:51:40', '2024-12-04 13:51:40', 8, NULL),
(196, 'ECOLE PUBLIQUE MBEL', 1, 1, '2024-12-04 13:51:40', '2024-12-04 13:51:40', 8, NULL),
(197, 'ECOLE PUBLIQUE M’FANG', 1, 1, '2024-12-04 13:51:40', '2024-12-04 13:51:40', 8, NULL),
(198, 'ECOLE PUBLIQUE CATHOLIQUE EVINAYONG', 1, 1, '2024-12-04 13:51:40', '2024-12-04 13:51:40', 8, NULL),
(199, 'ECOLE CATHOLIQUE PRIVEE KANGO', 1, 1, '2024-12-04 13:51:40', '2024-12-04 13:51:40', 8, NULL),
(200, 'ECOLE PROT. D’ANGOME', 1, 1, '2024-12-04 13:51:40', '2024-12-04 13:51:40', 8, NULL),
(201, 'ECOLE PUBLIQUE KANGO II', 1, 1, '2024-12-04 13:51:40', '2024-12-04 13:51:40', 8, NULL),
(202, 'ECOLE PUBLIQUE KAFELE', 1, 1, '2024-12-04 13:51:40', '2024-12-04 13:51:40', 8, NULL),
(203, 'ECOLE PUBLIQUE NIANAME', 1, 1, '2024-12-04 13:51:40', '2024-12-04 13:51:40', 8, NULL),
(204, 'NDOUANIANG I', 1, 1, '2024-12-04 13:51:40', '2024-12-04 13:51:40', 8, NULL),
(205, 'NDOUANIANG II', 1, 1, '2024-12-04 13:51:40', '2024-12-04 13:51:40', 8, NULL),
(206, 'NDZONG I', 1, 1, '2024-12-04 13:51:40', '2024-12-04 13:51:40', 8, NULL),
(207, 'SOGACEL FORET (ABANGA VILLAGE)', 1, 1, '2024-12-04 13:51:40', '2024-12-04 13:51:40', 8, NULL),
(208, 'CHANTIER I-F-K', 2, 1, '2024-12-04 13:51:40', '2024-12-04 13:51:40', 8, NULL),
(209, 'ECOLE PUBLIQUE AYEM BOKOUE', 2, 1, '2024-12-04 13:51:40', '2024-12-04 13:51:40', 8, NULL),
(210, 'ECOLE PUBLIQUE OYAN 4', 2, 1, '2024-12-04 13:51:40', '2024-12-04 13:51:40', 8, NULL),
(211, 'ECOLE PUBLIQUE AGRICOLE', 2, 1, '2024-12-04 13:51:40', '2024-12-04 13:51:40', 8, NULL),
(212, 'ECOLE PUBLIQUE HEVEGAB EKOUK', 2, 1, '2024-12-04 13:51:40', '2024-12-04 13:51:40', 8, NULL),
(213, 'ECOLE PUBLIQUE FOUR PLACE', 2, 1, '2024-12-04 13:51:40', '2024-12-04 13:51:40', 8, NULL),
(214, 'ECOLE PUBLIQUE WOUBELE 1 ET 2', 2, 1, '2024-12-04 13:51:40', '2024-12-04 13:51:40', 8, NULL),
(215, 'ECOLE PUBLIQUE EKOUK CHANTIER', 2, 1, '2024-12-04 13:51:40', '2024-12-04 13:51:40', 8, NULL),
(216, 'EKOUK VILLAGE', 2, 1, '2024-12-04 13:51:40', '2024-12-04 13:51:40', 8, NULL),
(217, 'EKOUK OBENDJI', 2, 1, '2024-12-04 13:51:40', '2024-12-04 13:51:40', 8, NULL),
(218, 'HEVEGAB CHANTIER', 2, 1, '2024-12-04 13:51:40', '2024-12-04 13:51:40', 8, NULL),
(219, 'LASSA (CHEF DE VILLAGE)', 2, 1, '2024-12-04 13:51:40', '2024-12-04 13:51:40', 8, NULL),
(220, 'MAKOULA', 2, 1, '2024-12-04 13:51:40', '2024-12-04 13:51:40', 8, NULL),
(221, 'MOUPOUMA I', 2, 1, '2024-12-04 13:51:40', '2024-12-04 13:51:40', 8, NULL),
(222, 'MOUPOUMA II', 2, 1, '2024-12-04 13:51:40', '2024-12-04 13:51:40', 8, NULL),
(223, 'NSILE', 2, 1, '2024-12-04 13:51:40', '2024-12-04 13:51:40', 8, NULL),
(224, 'NZOGO SOCOBA', 2, 1, '2024-12-04 13:51:40', '2024-12-04 13:51:40', 8, NULL),
(225, 'N’ZOUA METONG L.F.K', 2, 1, '2024-12-04 13:51:40', '2024-12-04 13:51:40', 8, NULL),
(226, 'OYAN 1-2-3 (CHEF REGROUP)', 2, 1, '2024-12-04 13:51:40', '2024-12-04 13:51:40', 8, NULL),
(227, 'OYAN GARE', 2, 1, '2024-12-04 13:51:40', '2024-12-04 13:51:40', 8, NULL),
(228, 'REMBOUE 1&2', 2, 1, '2024-12-04 13:51:40', '2024-12-04 13:51:40', 8, NULL),
(229, 'ROUNGOULA', 2, 1, '2024-12-04 13:51:40', '2024-12-04 13:51:40', 8, NULL),
(230, 'WOUBELE 3 CHEF DE VILLAGE', 2, 1, '2024-12-04 13:51:40', '2024-12-04 13:51:40', 8, NULL),
(231, 'ALEN COMO', 3, 1, '2024-12-04 13:51:40', '2024-12-04 13:51:40', 8, NULL),
(232, 'AYEME AWOULA CHANTIER', 3, 1, '2024-12-04 13:51:40', '2024-12-04 13:51:40', 8, NULL),
(233, 'CHANTIER SEEF (NZAMALIGUE)', 3, 1, '2024-12-04 13:51:40', '2024-12-04 13:51:40', 8, NULL),
(234, 'ECOLE PUBLIQUE AYEM AWOULA', 3, 1, '2024-12-04 13:51:40', '2024-12-04 13:51:40', 8, NULL),
(235, 'ECOLE PRIVEE PROT. MVENG AYOM', 3, 1, '2024-12-04 13:51:40', '2024-12-04 13:51:40', 8, NULL),
(236, 'ECOLE PUBLIQUE ANDOCK FOULA', 3, 1, '2024-12-04 13:51:40', '2024-12-04 13:51:40', 8, NULL),
(237, 'ECOLE PUBLIQUE MELA', 3, 1, '2024-12-04 13:51:40', '2024-12-04 13:51:40', 8, NULL),
(238, 'ENGONG KOUAME', 3, 1, '2024-12-04 13:51:40', '2024-12-04 13:51:40', 8, NULL),
(239, 'MBEL ALENE', 3, 1, '2024-12-04 13:51:40', '2024-12-04 13:51:40', 8, NULL),
(240, 'NZOCK BIZEGNE', 3, 1, '2024-12-04 13:51:40', '2024-12-04 13:51:40', 8, NULL),
(241, 'CENTRE VILLE C.E.S PASCAL NZE', 1, 1, '2024-12-04 13:51:40', '2024-12-04 13:51:40', 8, NULL),
(242, 'ECOLE PUBLIC.DE MANGALA', 1, 1, '2024-12-04 13:51:40', '2024-12-04 13:51:40', 8, NULL),
(243, 'ECOLE PUBLIQUE DU CENTRE', 1, 1, '2024-12-04 13:51:40', '2024-12-04 13:51:40', 8, NULL),
(244, 'MBOGOFALA VOMBIE', 1, 1, '2024-12-04 13:51:40', '2024-12-04 13:51:40', 8, NULL),
(245, 'NIANAM BISSOBINAM', 1, 1, '2024-12-04 13:51:40', '2024-12-04 13:51:40', 8, NULL),
(246, 'ABOUNE', 2, 1, '2024-12-04 13:51:40', '2024-12-04 13:51:40', 8, NULL),
(247, 'BOUTIKA', 2, 1, '2024-12-04 13:51:40', '2024-12-04 13:51:40', 8, NULL),
(248, 'DINDOMBOU', 2, 1, '2024-12-04 13:51:40', '2024-12-04 13:51:40', 8, NULL),
(249, 'EKORODO', 2, 1, '2024-12-04 13:51:40', '2024-12-04 13:51:40', 8, NULL),
(250, 'MESSAYE', 2, 1, '2024-12-04 13:51:40', '2024-12-04 13:51:40', 8, NULL),
(251, 'ABENELANG', 2, 1, '2024-12-04 13:51:40', '2024-12-04 13:51:40', 8, NULL),
(252, 'BISSOBINAM2', 2, 1, '2024-12-04 13:51:40', '2024-12-04 13:51:40', 8, NULL),
(253, 'IBOUNDJI', 2, 1, '2024-12-04 13:51:40', '2024-12-04 13:51:40', 8, NULL),
(254, 'IKAZZA', 2, 1, '2024-12-04 13:51:40', '2024-12-04 13:51:40', 8, NULL),
(255, 'LYBE', 2, 1, '2024-12-04 13:51:40', '2024-12-04 13:51:40', 8, NULL),
(256, 'MBENE', 2, 1, '2024-12-04 13:51:40', '2024-12-04 13:51:40', 8, NULL),
(257, 'MEKAK EMONE', 2, 1, '2024-12-04 13:51:40', '2024-12-04 13:51:40', 8, NULL),
(258, 'MILEMBIE', 2, 1, '2024-12-04 13:51:40', '2024-12-04 13:51:40', 8, NULL),
(259, 'NO AYONG', 2, 1, '2024-12-04 13:51:40', '2024-12-04 13:51:40', 8, NULL),
(260, 'NOUMBO', 2, 1, '2024-12-04 13:51:40', '2024-12-04 13:51:40', 8, NULL),
(261, 'CENTRE SOCIAL BAPILI', 1, 2, '2024-12-04 13:51:40', '2024-12-04 13:51:40', 21, 1),
(262, 'CORNICHE (AV SAVORGNAN)', 1, 2, '2024-12-04 13:51:40', '2024-12-04 13:51:40', 21, 1),
(263, 'JARDIN ENFANT POUBARA', 1, 2, '2024-12-04 13:51:40', '2024-12-04 13:51:40', 21, 1),
(264, 'ECOLE PUBLIQUE NGOUNGOULOU (LEKEI)', 1, 2, '2024-12-04 13:51:40', '2024-12-04 13:51:40', 21, 1),
(265, 'LYCEE MARCEL AMOGHO', 1, 2, '2024-12-04 13:51:40', '2024-12-04 13:51:40', 21, 1),
(266, 'NGOBOUNDA (ST HILAIRE)', 1, 2, '2024-12-04 13:51:40', '2024-12-04 13:51:40', 21, 1),
(267, 'NGOUNGOULOU (MAISON DE FEMME)', 1, 2, '2024-12-04 13:51:40', '2024-12-04 13:51:40', 21, 1),
(268, 'YOKO (ST HILAIRE)', 1, 2, '2024-12-04 13:51:40', '2024-12-04 13:51:40', 21, 1),
(269, 'ECOLE PUBLIQUE DZAMITI (ANGOUMBOU)', 1, 2, '2024-12-04 13:51:40', '2024-12-04 13:51:40', 21, 2),
(270, 'AYASSI', 1, 2, '2024-12-04 13:51:40', '2024-12-04 13:51:40', 21, 2),
(271, 'DIALOGUE', 1, 2, '2024-12-04 13:51:40', '2024-12-04 13:51:40', 21, 2),
(272, 'IAES DJAKA', 1, 2, '2024-12-04 13:51:40', '2024-12-04 13:51:40', 21, 2),
(273, 'EPIMBI', 1, 2, '2024-12-04 13:51:40', '2024-12-04 13:51:40', 21, 2),
(274, 'MONTAGNE SAINTE', 1, 2, '2024-12-04 13:51:40', '2024-12-04 13:51:40', 21, 2),
(275, 'ECOLE PUBLIQUE DZAMITI (MVOUNA)', 1, 2, '2024-12-04 13:51:40', '2024-12-04 13:51:40', 21, 2),
(276, 'ECOLE PUBLIQUE OMBELE (OMBELE)', 1, 2, '2024-12-04 13:51:40', '2024-12-04 13:51:40', 21, 2),
(277, 'ECOLE PUBLIQUE OMBELE (ONDIMBA)', 1, 2, '2024-12-04 13:51:40', '2024-12-04 13:51:40', 21, 2),
(278, 'ECOLE PUBLIQUE OMBELE (ONGALI 1)', 1, 2, '2024-12-04 13:51:40', '2024-12-04 13:51:40', 21, 2),
(279, 'ECOLE PUBLIQUE OMBELE (ONGALI II)', 1, 2, '2024-12-04 13:51:40', '2024-12-04 13:51:40', 21, 2),
(280, 'ONGOUEGNE', 1, 2, '2024-12-04 13:51:40', '2024-12-04 13:51:40', 21, 2),
(281, 'SABLE II', 1, 2, '2024-12-04 13:51:40', '2024-12-04 13:51:40', 21, 2),
(282, 'BAKOU', 1, 2, '2024-12-04 13:51:40', '2024-12-04 13:51:40', 21, 3),
(283, 'CARRIERE', 1, 2, '2024-12-04 13:51:40', '2024-12-04 13:51:40', 21, 3),
(284, 'ECOLE CATHOLIQUE AKOU', 1, 2, '2024-12-04 13:51:40', '2024-12-04 13:51:40', 21, 3),
(285, 'ECOLE CATHOLIQUE AKOU II', 1, 2, '2024-12-04 13:51:40', '2024-12-04 13:51:40', 21, 3),
(286, 'KESSALA', 1, 2, '2024-12-04 13:51:40', '2024-12-04 13:51:40', 21, 3),
(287, 'LEKONI', 1, 2, '2024-12-04 13:51:40', '2024-12-04 13:51:40', 21, 3),
(288, 'MANGOUNGOU', 1, 2, '2024-12-04 13:51:40', '2024-12-04 13:51:40', 21, 3),
(289, 'MATEBELE I', 1, 2, '2024-12-04 13:51:40', '2024-12-04 13:51:40', 21, 3),
(290, 'MATEBELE II', 1, 2, '2024-12-04 13:51:40', '2024-12-04 13:51:40', 21, 3),
(291, 'MENAYE', 1, 2, '2024-12-04 13:51:40', '2024-12-04 13:51:40', 21, 3),
(292, 'MIMBOUMBA', 1, 2, '2024-12-04 13:51:40', '2024-12-04 13:51:40', 21, 3),
(293, 'ONDOUAMA', 1, 2, '2024-12-04 13:51:40', '2024-12-04 13:51:40', 21, 3),
(294, 'PIKAS', 1, 2, '2024-12-04 13:51:40', '2024-12-04 13:51:40', 21, 3),
(295, 'DJOUORI', 1, 2, '2024-12-04 13:51:40', '2024-12-04 13:51:40', 21, 4),
(296, 'MABA', 1, 2, '2024-12-04 13:51:40', '2024-12-04 13:51:40', 21, 4),
(297, 'MABOUKOU 1-2', 1, 2, '2024-12-04 13:51:40', '2024-12-04 13:51:40', 21, 4),
(298, 'MAKANA', 1, 2, '2024-12-04 13:51:40', '2024-12-04 13:51:40', 21, 4),
(299, 'MBAYA', 1, 2, '2024-12-04 13:51:40', '2024-12-04 13:51:40', 21, 4),
(300, 'MINGARA', 1, 2, '2024-12-04 13:51:40', '2024-12-04 13:51:40', 21, 4),
(301, 'YENE I', 1, 2, '2024-12-04 13:51:40', '2024-12-04 13:51:40', 21, 4),
(302, 'YENE II', 1, 2, '2024-12-04 13:51:40', '2024-12-04 13:51:40', 21, 4),
(303, 'BIBASSA', 1, 2, '2024-12-04 13:51:40', '2024-12-04 13:51:40', 21, NULL),
(304, 'BINIOMI', 1, 2, '2024-12-04 13:51:40', '2024-12-04 13:51:40', 21, NULL),
(305, 'EBALA', 1, 2, '2024-12-04 13:51:40', '2024-12-04 13:51:40', 21, NULL),
(306, 'EYOUGA 2 VILLAGE', 1, 2, '2024-12-04 13:51:40', '2024-12-04 13:51:40', 21, NULL),
(307, 'LENGORI VILLAGE', 1, 2, '2024-12-04 13:51:40', '2024-12-04 13:51:40', 21, NULL),
(308, 'LENGORI EVOUGA II', 1, 2, '2024-12-04 13:51:40', '2024-12-04 13:51:40', 21, NULL),
(309, 'MBOUMA-OYALI', 1, 2, '2024-12-04 13:51:40', '2024-12-04 13:51:40', 21, NULL),
(310, 'MENAYE-EPILA', 1, 2, '2024-12-04 13:51:40', '2024-12-04 13:51:40', 21, NULL),
(311, 'NDJOKAYE', 1, 2, '2024-12-04 13:51:40', '2024-12-04 13:51:40', 21, NULL),
(312, 'ONKOUA', 1, 2, '2024-12-04 13:51:40', '2024-12-04 13:51:40', 21, NULL),
(313, 'VILLE BANGOUE', 1, 2, '2024-12-04 13:51:40', '2024-12-04 13:51:40', 21, NULL),
(314, 'YOULOU', 1, 2, '2024-12-04 13:51:40', '2024-12-04 13:51:40', 21, NULL),
(315, 'ANDJOGO', 1, 2, '2024-12-04 13:51:40', '2024-12-04 13:51:40', 21, NULL),
(316, 'LEKOUSSAGA', 1, 2, '2024-12-04 13:51:40', '2024-12-04 13:51:40', 21, NULL),
(317, 'MIKASSA', 1, 2, '2024-12-04 13:51:40', '2024-12-04 13:51:40', 21, NULL),
(318, 'MOKABA', 1, 2, '2024-12-04 13:51:40', '2024-12-04 13:51:40', 21, NULL),
(319, 'MOTOBO I', 1, 2, '2024-12-04 13:51:40', '2024-12-04 13:51:40', 21, NULL),
(320, 'MOTOBO II', 1, 2, '2024-12-04 13:51:40', '2024-12-04 13:51:40', 21, NULL),
(321, 'OBORILEKOUSSA', 1, 2, '2024-12-04 13:51:40', '2024-12-04 13:51:40', 21, NULL),
(322, 'OKOLOVILLE', 1, 2, '2024-12-04 13:51:40', '2024-12-04 13:51:40', 21, NULL),
(323, 'OLOUNGA-OMVOURI', 1, 2, '2024-12-04 13:51:40', '2024-12-04 13:51:40', 21, NULL),
(324, 'SOGADEL SUD', 1, 2, '2024-12-04 13:51:40', '2024-12-04 13:51:40', 21, NULL),
(325, 'VENEZ VOIR', 1, 2, '2024-12-04 13:51:40', '2024-12-04 13:51:40', 21, NULL),
(326, 'BANGUENE BANGUIA', 2, 2, '2024-12-04 13:51:40', '2024-12-04 13:51:40', 21, NULL),
(327, 'BASE AERIENNE 02', 2, 2, '2024-12-04 13:51:40', '2024-12-04 13:51:40', 21, NULL),
(328, 'BITONO', 2, 2, '2024-12-04 13:51:40', '2024-12-04 13:51:40', 21, NULL),
(329, 'DZAKI VILLE', 2, 2, '2024-12-04 13:51:40', '2024-12-04 13:51:40', 21, NULL),
(330, 'LEPAKA', 2, 2, '2024-12-04 13:51:40', '2024-12-04 13:51:40', 21, NULL),
(331, 'MAPOUBA', 2, 2, '2024-12-04 13:51:40', '2024-12-04 13:51:40', 21, NULL),
(332, 'MOUPIA', 2, 2, '2024-12-04 13:51:40', '2024-12-04 13:51:40', 21, NULL),
(333, 'MVENGUE', 2, 2, '2024-12-04 13:51:40', '2024-12-04 13:51:40', 21, NULL),
(334, 'NGANDA', 2, 2, '2024-12-04 13:51:40', '2024-12-04 13:51:40', 21, NULL),
(335, 'POUBARA', 2, 2, '2024-12-04 13:51:40', '2024-12-04 13:51:40', 21, NULL),
(336, 'SUCAF 1', 2, 2, '2024-12-04 13:51:40', '2024-12-04 13:51:40', 21, NULL),
(337, 'SUCAF 2', 2, 2, '2024-12-04 13:51:40', '2024-12-04 13:51:40', 21, NULL),
(338, 'SUCAF 3', 2, 2, '2024-12-04 13:51:40', '2024-12-04 13:51:40', 21, NULL),
(339, 'CES HENRI BASSET', 1, 2, '2024-12-04 13:51:40', '2024-12-04 13:51:40', 21, NULL),
(340, 'ECOLE PROT CENTRE COMMERCIAL', 1, 2, '2024-12-04 13:51:40', '2024-12-04 13:51:40', 21, NULL),
(341, 'CENTREVILLE', 1, 2, '2024-12-04 13:51:40', '2024-12-04 13:51:40', 21, NULL),
(342, 'CITE ADMINITRATIVE (HOTEL DE VILLE) 5- ECOLE CATHOLIQUE CITE AMBIE', 1, 2, '2024-12-04 13:51:40', '2024-12-04 13:51:40', 21, NULL),
(343, 'CITE CADRE (MESS COMUF)', 1, 2, '2024-12-04 13:51:40', '2024-12-04 13:51:40', 21, NULL),
(344, 'ECOLE RENOVATION A', 1, 2, '2024-12-04 13:51:40', '2024-12-04 13:51:40', 21, NULL),
(345, 'ECOLE RENOVATION B', 1, 2, '2024-12-04 13:51:40', '2024-12-04 13:51:40', 21, NULL),
(346, 'MASSANGO 1', 1, 2, '2024-12-04 13:51:40', '2024-12-04 13:51:40', 21, NULL),
(347, 'MASSANGO 2', 1, 2, '2024-12-04 13:51:40', '2024-12-04 13:51:40', 21, NULL),
(348, 'MBOUNGOU BADOUMA', 1, 2, '2024-12-04 13:51:40', '2024-12-04 13:51:40', 21, NULL),
(349, 'MOUNANA VILLAGE', 1, 2, '2024-12-04 13:51:40', '2024-12-04 13:51:40', 21, NULL),
(350, 'NDOUBI', 1, 2, '2024-12-04 13:51:40', '2024-12-04 13:51:40', 21, NULL),
(351, 'NGANGOLO', 1, 2, '2024-12-04 13:51:40', '2024-12-04 13:51:40', 21, NULL),
(352, 'NGUIASSONO', 1, 2, '2024-12-04 13:51:40', '2024-12-04 13:51:40', 21, NULL),
(353, 'OMOI', 1, 2, '2024-12-04 13:51:40', '2024-12-04 13:51:40', 21, NULL),
(354, 'AGAPROV', 1, 2, '2024-12-04 13:51:40', '2024-12-04 13:51:40', 21, NULL),
(355, 'ALLIANCE', 1, 2, '2024-12-04 13:51:40', '2024-12-04 13:51:40', 21, 1),
(356, 'BELLE-VUE 1 ET 2', 1, 2, '2024-12-04 13:51:40', '2024-12-04 13:51:40', 21, 1),
(357, 'CITE OCTRA', 1, 2, '2024-12-04 13:51:40', '2024-12-04 13:51:40', 21, 1),
(358, 'DOUANES', 1, 2, '2024-12-04 13:51:40', '2024-12-04 13:51:40', 21, 1),
(359, 'DOUMAI', 1, 2, '2024-12-04 13:51:40', '2024-12-04 13:51:40', 21, 1),
(360, 'KONDA', 1, 2, '2024-12-04 13:51:40', '2024-12-04 13:51:40', 21, 1),
(361, 'LEMAGNA (MAGNIMA)', 1, 2, '2024-12-04 13:51:40', '2024-12-04 13:51:40', 21, 1),
(362, 'LYCEE TECHNIQUE', 1, 2, '2024-12-04 13:51:40', '2024-12-04 13:51:40', 21, 1),
(363, 'MAGNIMA', 1, 2, '2024-12-04 13:51:40', '2024-12-04 13:51:40', 21, 1),
(364, 'MAYELA', 1, 2, '2024-12-04 13:51:40', '2024-12-04 13:51:40', 21, 1),
(365, 'MIOSSO TELEPHERIQUE 1', 1, 2, '2024-12-04 13:51:40', '2024-12-04 13:51:40', 21, 1),
(366, 'MOANDA PLAINE', 1, 2, '2024-12-04 13:51:40', '2024-12-04 13:51:40', 21, 1),
(367, 'MONTAGNE SAINTE', 1, 2, '2024-12-04 13:51:40', '2024-12-04 13:51:40', 21, 1),
(368, 'MOUKAGNISSI', 1, 2, '2024-12-04 13:51:40', '2024-12-04 13:51:40', 21, 1),
(369, 'MONT MOANDA', 1, 2, '2024-12-04 13:51:40', '2024-12-04 13:51:40', 21, 1),
(370, 'NDJANGATEBE', 1, 2, '2024-12-04 13:51:40', '2024-12-04 13:51:40', 21, 1),
(371, 'QUARTIER COMMERCIAL', 1, 2, '2024-12-04 13:51:40', '2024-12-04 13:51:40', 21, 2),
(372, 'JARDIN ENFANTS COMILOG', 1, 2, '2024-12-04 13:51:40', '2024-12-04 13:51:40', 21, 2),
(373, 'LEKOLO', 1, 2, '2024-12-04 13:51:40', '2024-12-04 13:51:40', 21, 2),
(374, 'LEYIMA', 1, 2, '2024-12-04 13:51:40', '2024-12-04 13:51:40', 21, 2),
(375, 'ECOLE CATHOLIQUE ONKOULA (A et B)', 1, 2, '2024-12-04 13:51:40', '2024-12-04 13:51:40', 21, 2),
(376, 'MONDZEYE', 1, 2, '2024-12-04 13:51:40', '2024-12-04 13:51:40', 21, 2),
(377, 'JARDIN ENFANT LEKOLO 1-2', 1, 2, '2024-12-04 13:51:40', '2024-12-04 13:51:40', 21, 2),
(378, 'MANDJAYE', 1, 2, '2024-12-04 13:51:40', '2024-12-04 13:51:40', 21, 2),
(379, 'MOYABI VILLAGE', 1, 2, '2024-12-04 13:51:40', '2024-12-04 13:51:40', 21, 2),
(380, 'DJOUTOU (MOYABI)', 1, 2, '2024-12-04 13:51:40', '2024-12-04 13:51:40', 21, 2),
(381, 'CHANTIER ROUGIER', 1, 2, '2024-12-04 13:51:40', '2024-12-04 13:51:40', 21, 2),
(382, 'BAKAMBA', 1, 2, '2024-12-04 13:51:40', '2024-12-04 13:51:40', 21, NULL),
(383, 'BAKOUMBA VILLAGE 1', 1, 2, '2024-12-04 13:51:40', '2024-12-04 13:51:40', 21, NULL),
(384, 'BAKOUMBA VILLAGE 2', 1, 2, '2024-12-04 13:51:40', '2024-12-04 13:51:40', 21, NULL),
(385, 'ECOLE PUBLIQUE MOUKONDJOKA', 1, 2, '2024-12-04 13:51:40', '2024-12-04 13:51:40', 21, NULL),
(386, 'ECOLE CATHOLIQUE 1', 1, 2, '2024-12-04 13:51:40', '2024-12-04 13:51:40', 21, NULL),
(387, 'ECOLE CATHOLIQUE 2', 1, 2, '2024-12-04 13:51:40', '2024-12-04 13:51:40', 21, NULL),
(388, 'ECOLE PUBLIQUE CENTRALE 1', 1, 2, '2024-12-04 13:51:40', '2024-12-04 13:51:40', 21, NULL),
(389, 'ECOLE PUBLIQUE CENTRALE 2', 1, 2, '2024-12-04 13:51:40', '2024-12-04 13:51:40', 21, NULL),
(390, 'LEKAMBA', 1, 2, '2024-12-04 13:51:40', '2024-12-04 13:51:40', 21, NULL),
(391, 'LEKOKO VILLAGE', 1, 2, '2024-12-04 13:51:40', '2024-12-04 13:51:40', 21, NULL),
(392, 'LEMANASSA', 1, 2, '2024-12-04 13:51:40', '2024-12-04 13:51:40', 21, NULL),
(393, 'MAMIDI', 1, 2, '2024-12-04 13:51:40', '2024-12-04 13:51:40', 21, NULL),
(394, 'MIPONDI I', 1, 2, '2024-12-04 13:51:40', '2024-12-04 13:51:40', 21, NULL),
(395, 'NGOBI', 1, 2, '2024-12-04 13:51:40', '2024-12-04 13:51:40', 21, NULL),
(396, 'POYA', 1, 2, '2024-12-04 13:51:40', '2024-12-04 13:51:40', 21, NULL),
(397, 'OBEGUE', 1, 2, '2024-12-04 13:51:40', '2024-12-04 13:51:40', 21, NULL),
(398, 'ENTSAGA', 1, 2, '2024-12-04 13:51:40', '2024-12-04 13:51:40', 21, NULL),
(399, 'ECOLE PUBLIQUE KAKOUMBOU', 1, 2, '2024-12-04 13:51:40', '2024-12-04 13:51:40', 21, NULL),
(400, 'ECOLE PUBLIQUE -B NDOUA', 1, 2, '2024-12-04 13:51:40', '2024-12-04 13:51:40', 21, NULL),
(401, 'ECOLE CATHOLIQUE OYABI', 2, 2, '2024-12-04 13:51:40', '2024-12-04 13:51:40', 21, NULL),
(402, 'BOUNOU OBOUO', 2, 2, '2024-12-04 13:51:40', '2024-12-04 13:51:40', 21, NULL),
(403, 'KASSIELE 1 ET 2', 2, 2, '2024-12-04 13:51:40', '2024-12-04 13:51:40', 21, NULL),
(404, 'OBIA', 2, 2, '2024-12-04 13:51:40', '2024-12-04 13:51:40', 21, NULL),
(405, 'OSS’KAMA', 2, 2, '2024-12-04 13:51:40', '2024-12-04 13:51:40', 21, NULL),
(406, 'OKOUYA', 3, 2, '2024-12-04 13:51:40', '2024-12-04 13:51:40', 21, NULL),
(407, 'OTOU', 3, 2, '2024-12-04 13:51:40', '2024-12-04 13:51:40', 21, NULL),
(408, 'ONGUIA', 3, 2, '2024-12-04 13:51:40', '2024-12-04 13:51:40', 21, NULL),
(409, 'OTALA', 3, 2, '2024-12-04 13:51:40', '2024-12-04 13:51:40', 21, NULL),
(410, 'ABOUYI', 1, 2, '2024-12-04 13:51:40', '2024-12-04 13:51:40', 21, NULL),
(411, 'ADMINISTRATIF', 1, 2, '2024-12-04 13:51:40', '2024-12-04 13:51:40', 21, NULL),
(412, 'AKOU', 1, 2, '2024-12-04 13:51:40', '2024-12-04 13:51:40', 21, NULL),
(413, 'CHIC', 1, 2, '2024-12-04 13:51:40', '2024-12-04 13:51:40', 21, NULL),
(414, 'DJOUANI', 1, 2, '2024-12-04 13:51:40', '2024-12-04 13:51:40', 21, NULL),
(415, 'EKOUYI MBOUMA', 1, 2, '2024-12-04 13:51:40', '2024-12-04 13:51:40', 21, NULL),
(416, 'KABALA', 1, 2, '2024-12-04 13:51:40', '2024-12-04 13:51:40', 21, NULL),
(417, 'KEBIRI', 1, 2, '2024-12-04 13:51:40', '2024-12-04 13:51:40', 21, NULL),
(418, 'KESSALA', 1, 2, '2024-12-04 13:51:40', '2024-12-04 13:51:40', 21, NULL),
(419, 'LEWOU', 1, 2, '2024-12-04 13:51:40', '2024-12-04 13:51:40', 21, NULL),
(420, 'MBAMA LEKONI VILLAGE', 1, 2, '2024-12-04 13:51:40', '2024-12-04 13:51:40', 21, NULL),
(421, 'OKORIVILLE', 1, 2, '2024-12-04 13:51:40', '2024-12-04 13:51:40', 21, NULL),
(422, 'OSSELE', 1, 2, '2024-12-04 13:51:40', '2024-12-04 13:51:40', 21, NULL),
(423, 'SAMBA', 1, 2, '2024-12-04 13:51:40', '2024-12-04 13:51:40', 21, NULL),
(424, 'SAYE', 1, 2, '2024-12-04 13:51:40', '2024-12-04 13:51:40', 21, NULL),
(425, 'ABILA', 2, 2, '2024-12-04 13:51:40', '2024-12-04 13:51:40', 21, NULL),
(426, 'EDJOUANGOULOU', 2, 2, '2024-12-04 13:51:40', '2024-12-04 13:51:40', 21, NULL),
(427, 'ODJOUMA', 2, 2, '2024-12-04 13:51:40', '2024-12-04 13:51:40', 21, NULL),
(428, 'OSSOUELE', 2, 2, '2024-12-04 13:51:40', '2024-12-04 13:51:40', 21, NULL),
(429, 'YIA A', 2, 2, '2024-12-04 13:51:40', '2024-12-04 13:51:40', 21, NULL),
(430, 'YIA B', 2, 2, '2024-12-04 13:51:40', '2024-12-04 13:51:40', 21, NULL),
(431, 'ATSIA', 1, 2, '2024-12-04 13:51:40', '2024-12-04 13:51:40', 21, NULL),
(432, 'ECOLE OBELI OSSINGA', 1, 2, '2024-12-04 13:51:40', '2024-12-04 13:51:40', 21, NULL),
(433, 'ENGOUMOU', 1, 2, '2024-12-04 13:51:40', '2024-12-04 13:51:40', 21, NULL),
(434, 'MANGOU', 1, 2, '2024-12-04 13:51:40', '2024-12-04 13:51:40', 21, NULL),
(435, 'MISSION CATHOLIQUE', 1, 2, '2024-12-04 13:51:40', '2024-12-04 13:51:40', 21, NULL),
(436, 'MPOUNGOU', 1, 2, '2024-12-04 13:51:40', '2024-12-04 13:51:40', 21, NULL),
(437, 'OLONGO', 1, 2, '2024-12-04 13:51:40', '2024-12-04 13:51:40', 21, NULL),
(438, 'SEBE', 1, 2, '2024-12-04 13:51:40', '2024-12-04 13:51:40', 21, NULL),
(439, 'MAKATAMANGOYE 1', 2, 2, '2024-12-04 13:51:40', '2024-12-04 13:51:40', 21, NULL),
(440, 'MAKATAMANGOYE 2', 2, 2, '2024-12-04 13:51:40', '2024-12-04 13:51:40', 21, NULL),
(441, 'MINA', 2, 2, '2024-12-04 13:51:40', '2024-12-04 13:51:40', 21, NULL),
(442, 'NDJOUNOU', 2, 2, '2024-12-04 13:51:40', '2024-12-04 13:51:40', 21, NULL),
(443, 'NGOMA', 2, 2, '2024-12-04 13:51:40', '2024-12-04 13:51:40', 21, NULL),
(444, 'ODJALA', 2, 2, '2024-12-04 13:51:40', '2024-12-04 13:51:40', 21, NULL),
(445, 'ONDILI', 2, 2, '2024-12-04 13:51:40', '2024-12-04 13:51:40', 21, NULL),
(446, 'TEBE', 2, 2, '2024-12-04 13:51:40', '2024-12-04 13:51:40', 21, NULL),
(447, 'ECOLE PUBLIQUE OPONGOU ABOLO I', 2, 2, '2024-12-04 13:51:40', '2024-12-04 13:51:40', 21, NULL),
(448, 'ECOLE PUBLIQUE LEKORI', 2, 2, '2024-12-04 13:51:40', '2024-12-04 13:51:40', 21, NULL),
(449, 'ALANGA', 2, 2, '2024-12-04 13:51:40', '2024-12-04 13:51:40', 21, NULL),
(450, 'LEBALADOUMA', 2, 2, '2024-12-04 13:51:40', '2024-12-04 13:51:40', 21, NULL),
(451, 'AMBINDA', 3, 2, '2024-12-04 13:51:40', '2024-12-04 13:51:40', 21, NULL),
(452, 'AYANABO', 3, 2, '2024-12-04 13:51:40', '2024-12-04 13:51:40', 21, NULL),
(453, 'BOUALA-BOUMA', 3, 2, '2024-12-04 13:51:40', '2024-12-04 13:51:40', 21, NULL),
(454, 'LELAMA C-E-B', 3, 2, '2024-12-04 13:51:40', '2024-12-04 13:51:40', 21, NULL),
(455, 'MBABIRI', 3, 2, '2024-12-04 13:51:40', '2024-12-04 13:51:40', 21, NULL),
(456, 'MBOUNGA', 3, 2, '2024-12-04 13:51:40', '2024-12-04 13:51:40', 21, NULL),
(457, 'MOYOL', 3, 2, '2024-12-04 13:51:40', '2024-12-04 13:51:40', 21, NULL),
(458, 'OKILA', 3, 2, '2024-12-04 13:51:40', '2024-12-04 13:51:40', 21, NULL),
(459, 'OLOUNGA II', 3, 2, '2024-12-04 13:51:40', '2024-12-04 13:51:40', 21, NULL),
(460, 'ONDJEYE', 3, 2, '2024-12-04 13:51:41', '2024-12-04 13:51:41', 21, NULL),
(461, 'ONGUILA', 3, 2, '2024-12-04 13:51:41', '2024-12-04 13:51:41', 21, NULL),
(462, 'OSSELE OTALA', 3, 2, '2024-12-04 13:51:41', '2024-12-04 13:51:41', 21, NULL),
(463, 'OSSINGA II', 3, 2, '2024-12-04 13:51:41', '2024-12-04 13:51:41', 21, NULL),
(464, 'OTOUNDOU', 3, 2, '2024-12-04 13:51:41', '2024-12-04 13:51:41', 21, NULL),
(465, 'BOUBOU', 1, 2, '2024-12-04 13:51:41', '2024-12-04 13:51:41', 21, NULL),
(466, 'CES BONGOVILLE', 1, 2, '2024-12-04 13:51:41', '2024-12-04 13:51:41', 21, NULL),
(467, 'ECOLE PUBLIQUE', 1, 2, '2024-12-04 13:51:41', '2024-12-04 13:51:41', 21, NULL),
(468, 'EKALA 1', 1, 2, '2024-12-04 13:51:41', '2024-12-04 13:51:41', 21, NULL),
(469, 'KABAGA BAYI', 1, 2, '2024-12-04 13:51:41', '2024-12-04 13:51:41', 21, NULL),
(470, 'KELE', 1, 2, '2024-12-04 13:51:41', '2024-12-04 13:51:41', 21, NULL),
(471, 'KEWAGA', 1, 2, '2024-12-04 13:51:41', '2024-12-04 13:51:41', 21, NULL),
(472, 'SOUBA 1', 1, 2, '2024-12-04 13:51:41', '2024-12-04 13:51:41', 21, NULL),
(473, 'ALLIGA', 1, 2, '2024-12-04 13:51:41', '2024-12-04 13:51:41', 21, NULL),
(474, 'AYOGO', 1, 2, '2024-12-04 13:51:41', '2024-12-04 13:51:41', 21, NULL),
(475, 'ECOLE PUBLIQUE D’ONGA', 1, 2, '2024-12-04 13:51:41', '2024-12-04 13:51:41', 21, NULL),
(476, 'MBOUYI', 1, 2, '2024-12-04 13:51:41', '2024-12-04 13:51:41', 21, NULL),
(477, 'OLOUA', 1, 2, '2024-12-04 13:51:41', '2024-12-04 13:51:41', 21, NULL),
(478, 'OSSIELE', 1, 2, '2024-12-04 13:51:41', '2024-12-04 13:51:41', 21, NULL),
(479, 'ALELE II', 1, 2, '2024-12-04 13:51:41', '2024-12-04 13:51:41', 21, NULL),
(480, 'ANKOUSSOU', 1, 2, '2024-12-04 13:51:41', '2024-12-04 13:51:41', 21, NULL),
(481, 'ASSIAMI', 1, 2, '2024-12-04 13:51:41', '2024-12-04 13:51:41', 21, NULL),
(482, 'EGOUMOUNA', 1, 2, '2024-12-04 13:51:41', '2024-12-04 13:51:41', 21, NULL),
(483, 'EKOUMA', 1, 2, '2024-12-04 13:51:41', '2024-12-04 13:51:41', 21, NULL),
(484, 'EKOUMA', 1, 2, '2024-12-04 13:51:41', '2024-12-04 13:51:41', 21, NULL),
(485, 'EYOUGA', 1, 2, '2024-12-04 13:51:41', '2024-12-04 13:51:41', 21, NULL),
(486, 'NDJIEGUE', 1, 2, '2024-12-04 13:51:41', '2024-12-04 13:51:41', 21, NULL),
(487, 'OKANGOVILLE', 1, 2, '2024-12-04 13:51:41', '2024-12-04 13:51:41', 21, NULL),
(488, 'OKOUMBI', 1, 2, '2024-12-04 13:51:41', '2024-12-04 13:51:41', 21, NULL),
(489, 'OMOYE', 1, 2, '2024-12-04 13:51:41', '2024-12-04 13:51:41', 21, NULL),
(490, 'ONDILI', 1, 2, '2024-12-04 13:51:41', '2024-12-04 13:51:41', 21, NULL),
(491, 'OTOGHO', 1, 2, '2024-12-04 13:51:41', '2024-12-04 13:51:41', 21, NULL),
(492, 'OYOU', 1, 2, '2024-12-04 13:51:41', '2024-12-04 13:51:41', 21, NULL),
(493, 'DOUMAYE', 1, 2, '2024-12-04 13:51:41', '2024-12-04 13:51:41', 21, NULL),
(494, 'ECOLE PUBLIQUE', 1, 2, '2024-12-04 13:51:41', '2024-12-04 13:51:41', 21, NULL),
(495, 'LENDENDOUNGOU', 1, 2, '2024-12-04 13:51:41', '2024-12-04 13:51:41', 21, NULL),
(496, 'MBOUA', 1, 2, '2024-12-04 13:51:41', '2024-12-04 13:51:41', 21, NULL),
(497, 'MOUGOUANGO', 1, 2, '2024-12-04 13:51:41', '2024-12-04 13:51:41', 21, NULL),
(498, 'ECOLE SIEAB', 1, 2, '2024-12-04 13:51:41', '2024-12-04 13:51:41', 21, NULL),
(499, 'ABOUMI EDOUGA', 1, 2, '2024-12-04 13:51:41', '2024-12-04 13:51:41', 21, NULL),
(500, 'NGAMI LEKIMA', 1, 2, '2024-12-04 13:51:41', '2024-12-04 13:51:41', 21, NULL),
(501, 'OBOLI', 1, 2, '2024-12-04 13:51:41', '2024-12-04 13:51:41', 21, NULL),
(502, 'ONTOGHO', 1, 2, '2024-12-04 13:51:41', '2024-12-04 13:51:41', 21, NULL),
(503, 'YOUMA 2', 1, 2, '2024-12-04 13:51:41', '2024-12-04 13:51:41', 21, NULL),
(504, 'ABONGO', 1, 3, '2024-12-04 13:51:41', '2024-12-04 13:51:41', 24, 1),
(505, 'ADIWA SAINT FRANCOIS', 1, 3, '2024-12-04 13:51:41', '2024-12-04 13:51:41', 24, 1),
(506, 'ECOLE AVENIR B ATONGOWANGA', 1, 3, '2024-12-04 13:51:41', '2024-12-04 13:51:41', 24, 1),
(507, 'ECOLE AVENIR DAKAR', 1, 3, '2024-12-04 13:51:41', '2024-12-04 13:51:41', 24, 1),
(508, 'ECOLE PUBLIQUE LALALA (CENTRE VILLE)', 1, 3, '2024-12-04 13:51:41', '2024-12-04 13:51:41', 24, 1),
(509, 'ECOLE PUBLIQUE ADOUMA', 1, 3, '2024-12-04 13:51:41', '2024-12-04 13:51:41', 24, 1),
(510, 'ECOLE GRAND VILLAGE 1', 1, 3, '2024-12-04 13:51:41', '2024-12-04 13:51:41', 24, 1),
(511, 'ECOLE GRAND VILLAGE 2', 1, 3, '2024-12-04 13:51:41', '2024-12-04 13:51:41', 24, 1),
(512, 'ECOLE MOUSSAMOUKOUGOU', 1, 3, '2024-12-04 13:51:41', '2024-12-04 13:51:41', 24, 1),
(513, 'FOYER PROTESTANT', 1, 3, '2024-12-04 13:51:41', '2024-12-04 13:51:41', 24, 1),
(514, 'LYCEE CHARLES MEFANE', 1, 3, '2024-12-04 13:51:41', '2024-12-04 13:51:41', 24, 1),
(515, 'POINT V', 1, 3, '2024-12-04 13:51:41', '2024-12-04 13:51:41', 24, 1),
(516, 'VILLAGE LUMIERE', 1, 3, '2024-12-04 13:51:41', '2024-12-04 13:51:41', 24, 1),
(517, 'ECOLE CATHOLIQUE ISAAC ANIOUZOUMA', 1, 3, '2024-12-04 13:51:41', '2024-12-04 13:51:41', 24, 2),
(518, 'ECOLE ISAAC A', 1, 3, '2024-12-04 13:51:41', '2024-12-04 13:51:41', 24, 2),
(519, 'ECOLE JACQUELINE RAWIRI', 1, 3, '2024-12-04 13:51:41', '2024-12-04 13:51:41', 24, 2),
(520, 'ECOLE ATSIE', 1, 3, '2024-12-04 13:51:41', '2024-12-04 13:51:41', 24, 2),
(521, 'ECOLE PUBLIQUE MAGNANG', 1, 3, '2024-12-04 13:51:41', '2024-12-04 13:51:41', 24, 2),
(522, 'ECOLE ISAAC B', 1, 3, '2024-12-04 13:51:41', '2024-12-04 13:51:41', 24, 2),
(523, 'MALEBE', 1, 3, '2024-12-04 13:51:41', '2024-12-04 13:51:41', 24, 2),
(524, 'MBILANDZAMBI', 1, 3, '2024-12-04 13:51:41', '2024-12-04 13:51:41', 24, 2),
(525, 'PETIT PARIS', 1, 3, '2024-12-04 13:51:41', '2024-12-04 13:51:41', 24, 2),
(526, 'PETIT PARIS 2 (AVIATION)', 1, 3, '2024-12-04 13:51:41', '2024-12-04 13:51:41', 24, 2),
(527, 'QUARTIER CARRIERE', 1, 3, '2024-12-04 13:51:41', '2024-12-04 13:51:41', 24, 2),
(528, 'ECOLE PUBLIQUE ADANHE', 1, 3, '2024-12-04 13:51:41', '2024-12-04 13:51:41', 24, NULL),
(529, 'ADOLE MANDJI', 1, 3, '2024-12-04 13:51:41', '2024-12-04 13:51:41', 24, NULL),
(530, 'DAKAR GOME', 1, 3, '2024-12-04 13:51:41', '2024-12-04 13:51:41', 24, NULL),
(531, 'ECOLE PUBLIQUE BENGUIE 1-2-3', 1, 3, '2024-12-04 13:51:41', '2024-12-04 13:51:41', 24, NULL),
(532, 'ECOLE PUBLIQUE BENGUIE 4', 1, 3, '2024-12-04 13:51:41', '2024-12-04 13:51:41', 24, NULL),
(533, 'ECOLE PUBLIQUE PARIS BIFOUN 1 ET 2', 1, 3, '2024-12-04 13:51:41', '2024-12-04 13:51:41', 24, NULL),
(534, 'ELONG EKO (AREVOMA II)', 1, 3, '2024-12-04 13:51:41', '2024-12-04 13:51:41', 24, NULL),
(535, 'KOUNGOULE', 1, 3, '2024-12-04 13:51:41', '2024-12-04 13:51:41', 24, NULL),
(536, 'LOGUET', 1, 3, '2024-12-04 13:51:41', '2024-12-04 13:51:41', 24, NULL),
(537, 'MEDANG NKOGHE', 1, 3, '2024-12-04 13:51:41', '2024-12-04 13:51:41', 24, NULL),
(538, 'MITONET (MIMONGO)', 1, 3, '2024-12-04 13:51:41', '2024-12-04 13:51:41', 24, NULL),
(539, 'NKOGHE MBOUN', 1, 3, '2024-12-04 13:51:41', '2024-12-04 13:51:41', 24, NULL),
(540, 'ECOLE CATH NZOGHE BANG', 1, 3, '2024-12-04 13:51:41', '2024-12-04 13:51:41', 24, NULL),
(541, 'VILLAGE GRAVIER', 1, 3, '2024-12-04 13:51:41', '2024-12-04 13:51:41', 24, NULL),
(542, 'WELIGA I', 1, 3, '2024-12-04 13:51:41', '2024-12-04 13:51:41', 24, NULL),
(543, 'WELIGA II', 1, 3, '2024-12-04 13:51:41', '2024-12-04 13:51:41', 24, NULL),
(544, 'YANEBOUR', 1, 3, '2024-12-04 13:51:41', '2024-12-04 13:51:41', 24, NULL),
(545, 'AKOUM LAM', 2, 3, '2024-12-04 13:51:41', '2024-12-04 13:51:41', 24, NULL),
(546, 'ALLONHA 1', 2, 3, '2024-12-04 13:51:41', '2024-12-04 13:51:41', 24, NULL),
(547, 'ALLONHA 3', 2, 3, '2024-12-04 13:51:41', '2024-12-04 13:51:41', 24, NULL),
(548, 'CHANTIER CHARBONNIER', 2, 3, '2024-12-04 13:51:41', '2024-12-04 13:51:41', 24, NULL),
(549, 'ISSANGUI', 2, 3, '2024-12-04 13:51:41', '2024-12-04 13:51:41', 24, NULL),
(550, 'MWAM-NZA-MANE I', 2, 3, '2024-12-04 13:51:41', '2024-12-04 13:51:41', 24, NULL),
(551, 'NDAMA (LEBOUSSOU)', 2, 3, '2024-12-04 13:51:41', '2024-12-04 13:51:41', 24, NULL),
(552, 'NENGUENTOGOLO', 2, 3, '2024-12-04 13:51:41', '2024-12-04 13:51:41', 24, NULL),
(553, 'N’LONG', 2, 3, '2024-12-04 13:51:41', '2024-12-04 13:51:41', 24, NULL),
(554, 'NOMBEDOUMA', 2, 3, '2024-12-04 13:51:41', '2024-12-04 13:51:41', 24, NULL),
(555, 'NTAMBE', 2, 3, '2024-12-04 13:51:41', '2024-12-04 13:51:41', 24, NULL),
(556, 'NTCHOUA', 2, 3, '2024-12-04 13:51:41', '2024-12-04 13:51:41', 24, NULL),
(557, 'NZAMAKESSILE', 2, 3, '2024-12-04 13:51:41', '2024-12-04 13:51:41', 24, NULL),
(558, 'NZAMATA', 2, 3, '2024-12-04 13:51:41', '2024-12-04 13:51:41', 24, NULL),
(559, 'NZOUGHE (NKANGUE II)', 2, 3, '2024-12-04 13:51:41', '2024-12-04 13:51:41', 24, NULL),
(560, 'ODIMBA', 2, 3, '2024-12-04 13:51:41', '2024-12-04 13:51:41', 24, NULL),
(561, 'OGUEWA NZAMATA', 2, 3, '2024-12-04 13:51:41', '2024-12-04 13:51:41', 24, NULL),
(562, 'POINTE NOIRE', 2, 3, '2024-12-04 13:51:41', '2024-12-04 13:51:41', 24, NULL),
(563, 'RENDOUGOU', 2, 3, '2024-12-04 13:51:41', '2024-12-04 13:51:41', 24, NULL),
(564, 'SAINT LOUIS', 2, 3, '2024-12-04 13:51:41', '2024-12-04 13:51:41', 24, NULL),
(565, 'VILLAGE NGUIABETA', 2, 3, '2024-12-04 13:51:41', '2024-12-04 13:51:41', 24, NULL),
(566, 'ASCHOUKA', 3, 3, '2024-12-04 13:51:41', '2024-12-04 13:51:41', 24, NULL),
(567, 'IGUENDJA', 3, 3, '2024-12-04 13:51:41', '2024-12-04 13:51:41', 24, NULL),
(568, 'MANOGONI (AMBYA)', 3, 3, '2024-12-04 13:51:41', '2024-12-04 13:51:41', 24, NULL),
(569, 'NGOMO 1 ET 2', 3, 3, '2024-12-04 13:51:41', '2024-12-04 13:51:41', 24, NULL),
(570, 'NTYATANGA I', 3, 3, '2024-12-04 13:51:41', '2024-12-04 13:51:41', 24, NULL),
(571, 'OMPOMONA', 3, 3, '2024-12-04 13:51:41', '2024-12-04 13:51:41', 24, NULL),
(572, 'POINTE ELYSE', 3, 3, '2024-12-04 13:51:41', '2024-12-04 13:51:41', 24, NULL),
(573, 'AGROGABON MAKOUKE A', 4, 3, '2024-12-04 13:51:41', '2024-12-04 13:51:41', 24, NULL),
(574, 'AGROGABON MAKOUKE B', 4, 3, '2024-12-04 13:51:41', '2024-12-04 13:51:41', 24, NULL),
(575, 'AGROGABON MAKOUKE C (HUILERIE)', 4, 3, '2024-12-04 13:51:41', '2024-12-04 13:51:41', 24, NULL),
(576, 'AGROGABON NGOUNIE (NZAMATA)', 4, 3, '2024-12-04 13:51:41', '2024-12-04 13:51:41', 24, NULL),
(577, 'AMANENGONE', 4, 3, '2024-12-04 13:51:41', '2024-12-04 13:51:41', 24, NULL),
(578, 'BELLE VUE I', 4, 3, '2024-12-04 13:51:41', '2024-12-04 13:51:41', 24, NULL),
(579, 'BINDO CHANTIER', 4, 3, '2024-12-04 13:51:41', '2024-12-04 13:51:41', 24, NULL),
(580, 'BINDO VILLAGE I', 4, 3, '2024-12-04 13:51:41', '2024-12-04 13:51:41', 24, NULL),
(581, 'BORDEAUX', 4, 3, '2024-12-04 13:51:41', '2024-12-04 13:51:41', 24, NULL),
(582, 'GARAGE', 4, 3, '2024-12-04 13:51:41', '2024-12-04 13:51:41', 24, NULL),
(583, 'JUNCKVILLE', 4, 3, '2024-12-04 13:51:41', '2024-12-04 13:51:41', 24, NULL),
(584, 'LESSOBELLA', 4, 3, '2024-12-04 13:51:41', '2024-12-04 13:51:41', 24, NULL);
INSERT INTO `centrevotes` (`id`, `centrevote`, `siege_id`, `province_id`, `created_at`, `updated_at`, `commoudept_id`, `arrondissement_id`) VALUES
(585, 'LEZINDA', 4, 3, '2024-12-04 13:51:41', '2024-12-04 13:51:41', 24, NULL),
(586, 'MASSASSIKE', 4, 3, '2024-12-04 13:51:41', '2024-12-04 13:51:41', 24, NULL),
(587, 'MBECK MENU', 4, 3, '2024-12-04 13:51:41', '2024-12-04 13:51:41', 24, NULL),
(588, 'MEBANG METORA', 4, 3, '2024-12-04 13:51:41', '2024-12-04 13:51:41', 24, NULL),
(589, 'MEDZIME VINE', 4, 3, '2024-12-04 13:51:41', '2024-12-04 13:51:41', 24, NULL),
(590, 'NDOUMANTANG', 4, 3, '2024-12-04 13:51:41', '2024-12-04 13:51:41', 24, NULL),
(591, 'NGOSSO', 4, 3, '2024-12-04 13:51:41', '2024-12-04 13:51:41', 24, NULL),
(592, 'PLANTATION FOULA', 4, 3, '2024-12-04 13:51:41', '2024-12-04 13:51:41', 24, NULL),
(593, 'VILLAGE MAKOUKE', 4, 3, '2024-12-04 13:51:41', '2024-12-04 13:51:41', 24, NULL),
(594, 'AGROGABON ZILE (PLANTA ZILE)', 5, 3, '2024-12-04 13:51:41', '2024-12-04 13:51:41', 24, NULL),
(595, 'ECOLE PUBLIQUE MASSIKA I-II', 5, 3, '2024-12-04 13:51:41', '2024-12-04 13:51:41', 24, NULL),
(596, 'ECOLE PUBLIQUE TCHAD I-II', 5, 3, '2024-12-04 13:51:41', '2024-12-04 13:51:41', 24, NULL),
(597, 'ECOLE PUBLIQUE NOMBAKELE', 5, 3, '2024-12-04 13:51:41', '2024-12-04 13:51:41', 24, NULL),
(598, 'ECOLE PUBLIQUE TSOUKA', 5, 3, '2024-12-04 13:51:41', '2024-12-04 13:51:41', 24, NULL),
(599, 'ECOLE PRIVEE CATHOLIQUE ISSALA', 5, 3, '2024-12-04 13:51:41', '2024-12-04 13:51:41', 24, NULL),
(600, 'ECOLE PRIVEE PROTESTANTE LOBI', 5, 3, '2024-12-04 13:51:41', '2024-12-04 13:51:41', 24, NULL),
(601, 'ECOLE KERI', 5, 3, '2024-12-04 13:51:41', '2024-12-04 13:51:41', 24, NULL),
(602, 'IKEMBELE', 5, 3, '2024-12-04 13:51:41', '2024-12-04 13:51:41', 24, NULL),
(603, 'IMENOU I', 5, 3, '2024-12-04 13:51:41', '2024-12-04 13:51:41', 24, NULL),
(604, 'IMENOU II', 5, 3, '2024-12-04 13:51:41', '2024-12-04 13:51:41', 24, NULL),
(605, 'ISSINGA', 5, 3, '2024-12-04 13:51:41', '2024-12-04 13:51:41', 24, NULL),
(606, 'KOMI', 5, 3, '2024-12-04 13:51:41', '2024-12-04 13:51:41', 24, NULL),
(607, 'MANYENGUE', 5, 3, '2024-12-04 13:51:41', '2024-12-04 13:51:41', 24, NULL),
(608, 'MIMONGO', 5, 3, '2024-12-04 13:51:41', '2024-12-04 13:51:41', 24, NULL),
(609, 'NGOUDOUFALA PK14', 5, 3, '2024-12-04 13:51:41', '2024-12-04 13:51:41', 24, NULL),
(610, 'PAGA', 5, 3, '2024-12-04 13:51:41', '2024-12-04 13:51:41', 24, NULL),
(611, 'SAINT MARTIN', 5, 3, '2024-12-04 13:51:41', '2024-12-04 13:51:41', 24, NULL),
(612, 'ANDOCK (MBILAVION)', 1, 3, '2024-12-04 13:51:41', '2024-12-04 13:51:41', 24, NULL),
(613, 'BINGOMA (CENTRE)', 1, 3, '2024-12-04 13:51:41', '2024-12-04 13:51:41', 24, NULL),
(614, 'BINGOMA (NORD)', 1, 3, '2024-12-04 13:51:41', '2024-12-04 13:51:41', 24, NULL),
(615, 'BINGOMA SUD (BELLE VUE)', 1, 3, '2024-12-04 13:51:41', '2024-12-04 13:51:41', 24, NULL),
(616, 'CENTRE VILLE', 1, 3, '2024-12-04 13:51:41', '2024-12-04 13:51:41', 24, NULL),
(617, 'KM I (SORBONNE)', 1, 3, '2024-12-04 13:51:41', '2024-12-04 13:51:41', 24, NULL),
(618, 'MISSANGA NAZARETH', 1, 3, '2024-12-04 13:51:41', '2024-12-04 13:51:41', 24, NULL),
(619, 'MISSANGA SAINT JEAN', 1, 3, '2024-12-04 13:51:41', '2024-12-04 13:51:41', 24, NULL),
(620, 'NYANKOK MBOUNE I-II', 1, 3, '2024-12-04 13:51:41', '2024-12-04 13:51:41', 24, NULL),
(621, 'BIFOUN III (CHEF VILLAGE)', 2, 3, '2024-12-04 13:51:41', '2024-12-04 13:51:41', 24, NULL),
(622, 'ECOLE PUBLIQUE ABANGA II', 2, 3, '2024-12-04 13:51:41', '2024-12-04 13:51:41', 24, NULL),
(623, 'ECOLE PUBLIQUE BIFOUN CENTRE', 2, 3, '2024-12-04 13:51:41', '2024-12-04 13:51:41', 24, NULL),
(624, 'ECOLE PUBLIQUE EBEL RIVE DROITE', 2, 3, '2024-12-04 13:51:41', '2024-12-04 13:51:41', 24, NULL),
(625, 'ECOLE PUBLIQUE EKORODO', 2, 3, '2024-12-04 13:51:41', '2024-12-04 13:51:41', 24, NULL),
(626, 'ECOLE P. PROTESTANTE EBEL RIVE GAUCHE', 2, 3, '2024-12-04 13:51:41', '2024-12-04 13:51:41', 24, NULL),
(627, 'MENGUEGNE (CHEF VILLAGE)', 2, 3, '2024-12-04 13:51:41', '2024-12-04 13:51:41', 24, NULL),
(628, 'TOUM RIVE DROITE', 2, 3, '2024-12-04 13:51:41', '2024-12-04 13:51:41', 24, NULL),
(629, 'WELIGA 1 (CHEF REGROUP)', 2, 3, '2024-12-04 13:51:41', '2024-12-04 13:51:41', 24, NULL),
(630, 'WELIGA 2 (CHEF VILLAGE)', 2, 3, '2024-12-04 13:51:41', '2024-12-04 13:51:41', 24, NULL),
(631, 'YOKO QUAND MEME (CHEF VILLAGE)', 2, 3, '2024-12-04 13:51:41', '2024-12-04 13:51:41', 24, NULL),
(632, 'ALEMBE (CHEF DE VILLAGE)', 3, 3, '2024-12-04 13:51:41', '2024-12-04 13:51:41', 24, NULL),
(633, 'BSO LANO', 3, 3, '2024-12-04 13:51:41', '2024-12-04 13:51:41', 24, NULL),
(634, 'ECOLE PUBLIQUE JUNCKVILLE', 3, 3, '2024-12-04 13:51:41', '2024-12-04 13:51:41', 24, NULL),
(635, 'ECOLE PUBLIQUE OTOUMBI', 3, 3, '2024-12-04 13:51:41', '2024-12-04 13:51:41', 24, NULL),
(636, 'ECOLE PUBLIQUE TRANSGABONAIS', 3, 3, '2024-12-04 13:51:41', '2024-12-04 13:51:41', 24, NULL),
(637, 'ECOLE P. CATHOLIQUE MEDOUMANE', 3, 3, '2024-12-04 13:51:41', '2024-12-04 13:51:41', 24, NULL),
(638, 'ECOLE PRIVEE CATHOLIQUE MINKOK MESSENG', 3, 3, '2024-12-04 13:51:41', '2024-12-04 13:51:41', 24, NULL),
(639, 'ECOLE BSO NDJOLE (MISSANGA)', 3, 3, '2024-12-04 13:51:41', '2024-12-04 13:51:41', 24, NULL),
(640, 'ENGOUGOUME (CHEF REGROUP)', 3, 3, '2024-12-04 13:51:41', '2024-12-04 13:51:41', 24, NULL),
(641, 'ESSONG AUBAMAKALE', 3, 3, '2024-12-04 13:51:41', '2024-12-04 13:51:41', 24, NULL),
(642, 'MEVANG METOUANG', 3, 3, '2024-12-04 13:51:41', '2024-12-04 13:51:41', 24, NULL),
(643, 'NZAMATA (CHEF VILLAGE)', 3, 3, '2024-12-04 13:51:41', '2024-12-04 13:51:41', 24, NULL),
(644, 'OTOUMA BSG', 3, 3, '2024-12-04 13:51:41', '2024-12-04 13:51:41', 24, NULL),
(645, 'BIBOULMAN', 3, 3, '2024-12-04 13:51:41', '2024-12-04 13:51:41', 24, NULL),
(646, 'ECOLE PUBLIQUE MBILANTEN', 3, 3, '2024-12-04 13:51:41', '2024-12-04 13:51:41', 24, NULL),
(647, 'ECOLE PRIVEE PROT. SAIO', 3, 3, '2024-12-04 13:51:41', '2024-12-04 13:51:41', 24, NULL),
(648, 'EYAMEYONG MAGUIELA', 3, 3, '2024-12-04 13:51:41', '2024-12-04 13:51:41', 24, NULL),
(649, 'FERNAN VAZ (CHEF VILLAGE)', 3, 3, '2024-12-04 13:51:41', '2024-12-04 13:51:41', 24, NULL),
(650, 'MAGUIELA', 3, 3, '2024-12-04 13:51:41', '2024-12-04 13:51:41', 24, NULL),
(651, 'MALEBA (CHEF VILLAGE)', 3, 3, '2024-12-04 13:51:41', '2024-12-04 13:51:41', 24, NULL),
(652, 'NGOUABILAGHA (CHEF VILLAGE)', 3, 3, '2024-12-04 13:51:41', '2024-12-04 13:51:41', 24, NULL),
(653, 'ECOLE COMMUNALE –A', 1, 4, '2024-12-04 13:51:41', '2024-12-04 13:51:41', 34, 1),
(654, 'ECOLE COMMUNALE –B', 1, 4, '2024-12-04 13:51:41', '2024-12-04 13:51:41', 34, 1),
(655, 'ECOLE COMMUNALE –E', 1, 4, '2024-12-04 13:51:41', '2024-12-04 13:51:41', 34, 1),
(656, 'ECOLE PRIVEE PROTESTANTE', 1, 4, '2024-12-04 13:51:41', '2024-12-04 13:51:41', 34, 1),
(657, 'ECOLE PUBLIQUE –D', 1, 4, '2024-12-04 13:51:41', '2024-12-04 13:51:41', 34, 1),
(658, 'ECOLE SANTE (ENSAS)', 1, 4, '2024-12-04 13:51:41', '2024-12-04 13:51:41', 34, 1),
(659, 'LYCEE PROFESSIONNEL', 1, 4, '2024-12-04 13:51:41', '2024-12-04 13:51:41', 34, 1),
(660, 'LYCEE EXCELLENCE', 1, 4, '2024-12-04 13:51:41', '2024-12-04 13:51:41', 34, 1),
(661, 'NOTRE DAME', 1, 4, '2024-12-04 13:51:41', '2024-12-04 13:51:41', 34, 1),
(662, 'NOUVEAU CES', 1, 4, '2024-12-04 13:51:41', '2024-12-04 13:51:41', 34, 1),
(663, 'SAINT GABRIEL', 1, 4, '2024-12-04 13:51:41', '2024-12-04 13:51:41', 34, 1),
(664, 'CENTRE DE FORMATION –P', 1, 4, '2024-12-04 13:51:41', '2024-12-04 13:51:41', 34, 2),
(665, 'ECOLE PUBLIQUE –C', 1, 4, '2024-12-04 13:51:41', '2024-12-04 13:51:41', 34, 2),
(666, 'ECOLE PUBLIQUE -F', 1, 4, '2024-12-04 13:51:41', '2024-12-04 13:51:41', 34, 2),
(667, 'IMMEUBLE CNSS/CNGS', 1, 4, '2024-12-04 13:51:41', '2024-12-04 13:51:41', 34, 2),
(668, 'SAINT KISITO', 1, 4, '2024-12-04 13:51:41', '2024-12-04 13:51:41', 34, 2),
(669, 'BANDI 1 ET 2', 1, 4, '2024-12-04 13:51:41', '2024-12-04 13:51:41', 34, NULL),
(670, 'DIKOKA', 1, 4, '2024-12-04 13:51:41', '2024-12-04 13:51:41', 34, NULL),
(671, 'IGOUMA 2', 1, 4, '2024-12-04 13:51:41', '2024-12-04 13:51:41', 34, NULL),
(672, 'IGOUMA 1', 1, 4, '2024-12-04 13:51:41', '2024-12-04 13:51:41', 34, NULL),
(673, 'MOKABO', 1, 4, '2024-12-04 13:51:41', '2024-12-04 13:51:41', 34, NULL),
(674, 'MIGABE', 2, 4, '2024-12-04 13:51:41', '2024-12-04 13:51:41', 34, NULL),
(675, 'MOUALO', 2, 4, '2024-12-04 13:51:41', '2024-12-04 13:51:41', 34, NULL),
(676, 'SAINT MARTIN', 2, 4, '2024-12-04 13:51:41', '2024-12-04 13:51:41', 34, NULL),
(677, 'DOUYA', 3, 4, '2024-12-04 13:51:41', '2024-12-04 13:51:41', 34, NULL),
(678, 'IDOUMI', 3, 4, '2024-12-04 13:51:41', '2024-12-04 13:51:41', 34, NULL),
(679, 'IKOLO', 3, 4, '2024-12-04 13:51:41', '2024-12-04 13:51:41', 34, NULL),
(680, 'KOUMBANOU', 3, 4, '2024-12-04 13:51:41', '2024-12-04 13:51:41', 34, NULL),
(681, 'MAKANDA', 3, 4, '2024-12-04 13:51:41', '2024-12-04 13:51:41', 34, NULL),
(682, 'MOULANDOUFOUALA', 3, 4, '2024-12-04 13:51:41', '2024-12-04 13:51:41', 34, NULL),
(683, 'MOUTASSO', 3, 4, '2024-12-04 13:51:41', '2024-12-04 13:51:41', 34, NULL),
(684, 'NOMBAKELE', 3, 4, '2024-12-04 13:51:41', '2024-12-04 13:51:41', 34, NULL),
(685, 'ECOLE PUBLIQUE DIBOTSA', 1, 4, '2024-12-04 13:51:41', '2024-12-04 13:51:41', 34, NULL),
(686, 'ECOLE PUBLIQUE', 1, 4, '2024-12-04 13:51:41', '2024-12-04 13:51:41', 34, NULL),
(687, 'ECOLE PUBLIQUE MOUSSA', 1, 4, '2024-12-04 13:51:41', '2024-12-04 13:51:41', 34, NULL),
(688, 'GUIMANGA', 1, 4, '2024-12-04 13:51:41', '2024-12-04 13:51:41', 34, NULL),
(689, 'GUISSA CARREFOUR', 1, 4, '2024-12-04 13:51:41', '2024-12-04 13:51:41', 34, NULL),
(690, 'ECOLE PUBLIQUE IDEMBA', 1, 4, '2024-12-04 13:51:41', '2024-12-04 13:51:41', 34, NULL),
(691, 'ECOLE PUBLIQUE ILENDO', 1, 4, '2024-12-04 13:51:41', '2024-12-04 13:51:41', 34, NULL),
(692, 'KOUMBANOU', 1, 4, '2024-12-04 13:51:41', '2024-12-04 13:51:41', 34, NULL),
(693, 'MANDJI DAKAR', 1, 4, '2024-12-04 13:51:41', '2024-12-04 13:51:41', 34, NULL),
(694, 'ECOLE PUBLIQUE MINGOLA', 1, 4, '2024-12-04 13:51:41', '2024-12-04 13:51:41', 34, NULL),
(695, 'MOUKIDI', 1, 4, '2024-12-04 13:51:41', '2024-12-04 13:51:41', 34, NULL),
(696, 'NIEGUIANOU', 1, 4, '2024-12-04 13:51:41', '2024-12-04 13:51:41', 34, NULL),
(697, 'NYANGA', 1, 4, '2024-12-04 13:51:41', '2024-12-04 13:51:41', 34, NULL),
(698, 'NZAMBI', 1, 4, '2024-12-04 13:51:41', '2024-12-04 13:51:41', 34, NULL),
(699, 'OUKOUMBOU', 1, 4, '2024-12-04 13:51:41', '2024-12-04 13:51:41', 34, NULL),
(700, 'ECOLE CATHOLIQUE STE FAMILLE (BELLE VILLE)', 1, 4, '2024-12-04 13:51:41', '2024-12-04 13:51:41', 34, NULL),
(701, 'BONGAVILLE ET MOUBOUNGOU EPP', 1, 4, '2024-12-04 13:51:41', '2024-12-04 13:51:41', 34, NULL),
(702, 'ECOLE PUBLIQUE CENTRE CITE ADMIN', 1, 4, '2024-12-04 13:51:41', '2024-12-04 13:51:41', 34, NULL),
(703, 'DAKAR SONG ET DAKAR BAS FOND', 1, 4, '2024-12-04 13:51:41', '2024-12-04 13:51:41', 34, NULL),
(704, 'DISPENSAIRE MOULANDOUFALA', 1, 4, '2024-12-04 13:51:41', '2024-12-04 13:51:41', 34, NULL),
(705, 'DOUBOU', 1, 4, '2024-12-04 13:51:41', '2024-12-04 13:51:41', 34, NULL),
(706, 'ECOLE MOURIMATSIENGUI', 1, 4, '2024-12-04 13:51:41', '2024-12-04 13:51:41', 34, NULL),
(707, 'ECOLE PROTESTANTE MOUDOUMA', 1, 4, '2024-12-04 13:51:41', '2024-12-04 13:51:41', 34, NULL),
(708, 'ECOLE PUBLIQUE OYENANO', 1, 4, '2024-12-04 13:51:41', '2024-12-04 13:51:41', 34, NULL),
(709, 'ECOLE CATHOLIQUE MBOUKOU', 1, 4, '2024-12-04 13:51:41', '2024-12-04 13:51:41', 34, NULL),
(710, 'ECOLE EKANGA', 1, 4, '2024-12-04 13:51:41', '2024-12-04 13:51:41', 34, NULL),
(711, 'ECOLE MAMIENGUE', 1, 4, '2024-12-04 13:51:41', '2024-12-04 13:51:41', 34, NULL),
(712, 'ECOLE PROTEST. REMBOUE', 1, 4, '2024-12-04 13:51:41', '2024-12-04 13:51:41', 34, NULL),
(713, 'ECOLE PUBLIQUE DE BASSALI', 1, 4, '2024-12-04 13:51:41', '2024-12-04 13:51:41', 34, NULL),
(714, 'ECOLE PUBLIQUE DE DAKAR', 1, 4, '2024-12-04 13:51:41', '2024-12-04 13:51:41', 34, NULL),
(715, 'ECOLE PUBLIQUE DE NGOUASSA', 1, 4, '2024-12-04 13:51:41', '2024-12-04 13:51:41', 34, NULL),
(716, 'ECOLE PUBLIQUE GUIDOUMA', 1, 4, '2024-12-04 13:51:41', '2024-12-04 13:51:41', 34, NULL),
(717, 'ECOLE PUBLIQUE NZEMBA', 1, 4, '2024-12-04 13:51:41', '2024-12-04 13:51:41', 34, NULL),
(718, 'ECOLE WAKA', 1, 4, '2024-12-04 13:51:41', '2024-12-04 13:51:41', 34, NULL),
(719, 'GRAND ODAVO PONT', 1, 4, '2024-12-04 13:51:41', '2024-12-04 13:51:41', 34, NULL),
(720, 'KERIDIAMBOU CES', 1, 4, '2024-12-04 13:51:41', '2024-12-04 13:51:41', 34, NULL),
(721, 'KESSI 2', 1, 4, '2024-12-04 13:51:41', '2024-12-04 13:51:41', 34, NULL),
(722, 'KESSI 1', 1, 4, '2024-12-04 13:51:41', '2024-12-04 13:51:41', 34, NULL),
(723, 'MANDILOU 1 ECOLE PUBLIQUE', 1, 4, '2024-12-04 13:51:41', '2024-12-04 13:51:41', 34, NULL),
(724, 'MANDILOU 2 (CHEF VILLAGE)', 1, 4, '2024-12-04 13:51:41', '2024-12-04 13:51:41', 34, NULL),
(725, 'MOUTAMBA SA NAFOUMOU', 1, 4, '2024-12-04 13:51:41', '2024-12-04 13:51:41', 34, NULL),
(726, 'EC.PUBLIQUE DAKA (NIANGOU –SA-WOME)', 1, 4, '2024-12-04 13:51:41', '2024-12-04 13:51:41', 34, NULL),
(727, 'NINGUI', 1, 4, '2024-12-04 13:51:41', '2024-12-04 13:51:41', 34, NULL),
(728, 'PETIT ODAVO CHEFFERIE', 1, 4, '2024-12-04 13:51:41', '2024-12-04 13:51:41', 34, NULL),
(729, 'REGROUPEMENT GUIAMBA', 1, 4, '2024-12-04 13:51:41', '2024-12-04 13:51:41', 34, NULL),
(730, 'ECOLE PUBLIQUE YOMBI 1', 1, 4, '2024-12-04 13:51:41', '2024-12-04 13:51:41', 34, NULL),
(731, 'YOMBI 2 (CHEF DE VILLAGE)', 1, 4, '2024-12-04 13:51:41', '2024-12-04 13:51:41', 34, NULL),
(732, 'DIVINDE', 2, 4, '2024-12-04 13:51:41', '2024-12-04 13:51:41', 34, NULL),
(733, 'DOUANI', 2, 4, '2024-12-04 13:51:41', '2024-12-04 13:51:41', 34, NULL),
(734, 'ECOLE PUBLIQUE KOUAGNA', 2, 4, '2024-12-04 13:51:41', '2024-12-04 13:51:41', 34, NULL),
(735, 'ECOLE NIMBIE', 2, 4, '2024-12-04 13:51:41', '2024-12-04 13:51:41', 34, NULL),
(736, 'ECOLE PUBLI. SINDARA 1', 2, 4, '2024-12-04 13:51:41', '2024-12-04 13:51:41', 34, NULL),
(737, 'ECOLE PUBLI. SINDARA 2', 2, 4, '2024-12-04 13:51:41', '2024-12-04 13:51:41', 34, NULL),
(738, 'EGONO', 2, 4, '2024-12-04 13:51:41', '2024-12-04 13:51:41', 34, NULL),
(739, 'EGOUBA (OUMBA)', 2, 4, '2024-12-04 13:51:41', '2024-12-04 13:51:41', 34, NULL),
(740, 'EVOUTA', 2, 4, '2024-12-04 13:51:41', '2024-12-04 13:51:41', 34, NULL),
(741, 'GUEDIBA DIVINDE', 2, 4, '2024-12-04 13:51:41', '2024-12-04 13:51:41', 34, NULL),
(742, 'IKOBEY CENTRE (KEBE)', 2, 4, '2024-12-04 13:51:41', '2024-12-04 13:51:41', 34, NULL),
(743, 'ECOLE CATHOLIQUE MATADI 7', 2, 4, '2024-12-04 13:51:41', '2024-12-04 13:51:41', 34, NULL),
(744, 'MIMONGO', 2, 4, '2024-12-04 13:51:41', '2024-12-04 13:51:41', 34, NULL),
(745, 'MOLANDO', 2, 4, '2024-12-04 13:51:41', '2024-12-04 13:51:41', 34, NULL),
(746, 'NDOUGOU CHEFFERIE', 2, 4, '2024-12-04 13:51:41', '2024-12-04 13:51:41', 34, NULL),
(747, 'NIOYE 1', 2, 4, '2024-12-04 13:51:41', '2024-12-04 13:51:41', 34, NULL),
(748, 'NIOYE II (DISPENSAIRE)', 2, 4, '2024-12-04 13:51:41', '2024-12-04 13:51:41', 34, NULL),
(749, 'SINDARA SONG', 2, 4, '2024-12-04 13:51:41', '2024-12-04 13:51:41', 34, NULL),
(750, 'ANDAMBA', 1, 4, '2024-12-04 13:51:41', '2024-12-04 13:51:41', 34, NULL),
(751, 'BOLAPESSA', 1, 4, '2024-12-04 13:51:41', '2024-12-04 13:51:41', 34, NULL),
(752, 'DIENGA', 1, 4, '2024-12-04 13:51:41', '2024-12-04 13:51:41', 34, NULL),
(753, 'ECOLE PUBLIQUE MBIGOU', 1, 4, '2024-12-04 13:51:41', '2024-12-04 13:51:41', 34, NULL),
(754, 'ECOLE PROT HAUT MBIGOU', 1, 4, '2024-12-04 13:51:41', '2024-12-04 13:51:41', 34, NULL),
(755, 'INOUNOUSSIABOLA', 1, 4, '2024-12-04 13:51:41', '2024-12-04 13:51:41', 34, NULL),
(756, 'ITSIKA KOUMOU MALA', 1, 4, '2024-12-04 13:51:41', '2024-12-04 13:51:41', 34, NULL),
(757, 'KAMBAMONGO', 1, 4, '2024-12-04 13:51:41', '2024-12-04 13:51:41', 34, NULL),
(758, 'KOTTO', 1, 4, '2024-12-04 13:51:41', '2024-12-04 13:51:41', 34, NULL),
(759, 'LEBAGNI', 1, 4, '2024-12-04 13:51:41', '2024-12-04 13:51:41', 34, NULL),
(760, 'LEDOUMA TP MBIGOU', 1, 4, '2024-12-04 13:51:41', '2024-12-04 13:51:41', 34, NULL),
(761, 'LENGOYE', 1, 4, '2024-12-04 13:51:41', '2024-12-04 13:51:41', 34, NULL),
(762, 'MALOU LOULOU', 1, 4, '2024-12-04 13:51:41', '2024-12-04 13:51:41', 34, NULL),
(763, 'MAREMBO', 1, 4, '2024-12-04 13:51:41', '2024-12-04 13:51:41', 34, NULL),
(764, 'MBIMBA', 1, 4, '2024-12-04 13:51:41', '2024-12-04 13:51:41', 34, NULL),
(765, 'MIKOUMA', 1, 4, '2024-12-04 13:51:41', '2024-12-04 13:51:41', 34, NULL),
(766, 'MIYANGA', 1, 4, '2024-12-04 13:51:41', '2024-12-04 13:51:41', 34, NULL),
(767, 'MOUDOUMA', 1, 4, '2024-12-04 13:51:41', '2024-12-04 13:51:41', 34, NULL),
(768, 'MOUKOUALA', 1, 4, '2024-12-04 13:51:41', '2024-12-04 13:51:41', 34, NULL),
(769, 'CES MOUNGUEMBE', 1, 4, '2024-12-04 13:51:41', '2024-12-04 13:51:41', 34, NULL),
(770, 'NDENGA', 1, 4, '2024-12-04 13:51:41', '2024-12-04 13:51:41', 34, NULL),
(771, 'NGOUNGUI', 1, 4, '2024-12-04 13:51:41', '2024-12-04 13:51:41', 34, NULL),
(772, 'IMENO MBILA', 2, 4, '2024-12-04 13:51:41', '2024-12-04 13:51:41', 34, NULL),
(773, 'KANDA', 2, 4, '2024-12-04 13:51:41', '2024-12-04 13:51:41', 34, NULL),
(774, 'MANDJI WANO', 2, 4, '2024-12-04 13:51:41', '2024-12-04 13:51:41', 34, NULL),
(775, 'REGROUPEMENT IMENO-NZINGA', 2, 4, '2024-12-04 13:51:41', '2024-12-04 13:51:41', 34, NULL),
(776, 'REGROUPEMENT ISSALA', 2, 4, '2024-12-04 13:51:41', '2024-12-04 13:51:41', 34, NULL),
(777, 'REGROUPEMENT MAYANI', 2, 4, '2024-12-04 13:51:41', '2024-12-04 13:51:41', 34, NULL),
(778, 'CHANTIER BOUTSALA', 3, 4, '2024-12-04 13:51:41', '2024-12-04 13:51:41', 34, NULL),
(779, 'DIBWANGUI', 3, 4, '2024-12-04 13:51:41', '2024-12-04 13:51:41', 34, NULL),
(780, 'KAMAMONGO – LEPOYE', 3, 4, '2024-12-04 13:51:41', '2024-12-04 13:51:41', 34, NULL),
(781, 'KOYA', 3, 4, '2024-12-04 13:51:41', '2024-12-04 13:51:41', 34, NULL),
(782, 'LEKINDOU', 3, 4, '2024-12-04 13:51:41', '2024-12-04 13:51:41', 34, NULL),
(783, 'LOBA', 3, 4, '2024-12-04 13:51:41', '2024-12-04 13:51:41', 34, NULL),
(784, 'ECOLE PUBLIQUE MACKONGONIO', 3, 4, '2024-12-04 13:51:41', '2024-12-04 13:51:41', 34, NULL),
(785, 'MANDJI', 3, 4, '2024-12-04 13:51:41', '2024-12-04 13:51:41', 34, NULL),
(786, 'MOUBOU LELOLO', 3, 4, '2024-12-04 13:51:41', '2024-12-04 13:51:41', 34, NULL),
(787, 'NDOUBI', 3, 4, '2024-12-04 13:51:41', '2024-12-04 13:51:41', 34, NULL),
(788, 'ECOLE PRIVEE CATHOLIQUE NGOMO-BOUL', 3, 4, '2024-12-04 13:51:41', '2024-12-04 13:51:41', 34, NULL),
(789, 'NZENZELE I', 3, 4, '2024-12-04 13:51:41', '2024-12-04 13:51:41', 34, NULL),
(790, 'NZENZELE II', 3, 4, '2024-12-04 13:51:41', '2024-12-04 13:51:41', 34, NULL),
(791, 'POUNDI', 3, 4, '2024-12-04 13:51:41', '2024-12-04 13:51:41', 34, NULL),
(792, 'REBE', 3, 4, '2024-12-04 13:51:41', '2024-12-04 13:51:41', 34, NULL),
(793, 'SOUANGUI', 3, 4, '2024-12-04 13:51:41', '2024-12-04 13:51:41', 34, NULL),
(794, 'BOULEMBO', 1, 4, '2024-12-04 13:51:41', '2024-12-04 13:51:41', 34, NULL),
(795, 'CES MIMONGO', 1, 4, '2024-12-04 13:51:41', '2024-12-04 13:51:41', 34, NULL),
(796, 'DIBAMBA', 1, 4, '2024-12-04 13:51:41', '2024-12-04 13:51:41', 34, NULL),
(797, 'DIBANDI', 1, 4, '2024-12-04 13:51:41', '2024-12-04 13:51:41', 34, NULL),
(798, 'DIBASSA', 1, 4, '2024-12-04 13:51:41', '2024-12-04 13:51:41', 34, NULL),
(799, 'DIYANGA', 1, 4, '2024-12-04 13:51:41', '2024-12-04 13:51:41', 34, NULL),
(800, 'ECOLE CATHOLIQUE PRIVEE', 1, 4, '2024-12-04 13:51:41', '2024-12-04 13:51:41', 34, NULL),
(801, 'ECOLE PUBLIQUE A 130', 1, 4, '2024-12-04 13:51:41', '2024-12-04 13:51:41', 34, NULL),
(802, 'ECOLE PUBLIQUE B', 1, 4, '2024-12-04 13:51:41', '2024-12-04 13:51:41', 34, NULL),
(803, 'MOUKABOU', 1, 4, '2024-12-04 13:51:41', '2024-12-04 13:51:41', 34, NULL),
(804, 'MOUKANDI', 1, 4, '2024-12-04 13:51:41', '2024-12-04 13:51:41', 34, NULL),
(805, 'MOUNONGO', 1, 4, '2024-12-04 13:51:41', '2024-12-04 13:51:41', 34, NULL),
(806, 'POUNGUI', 1, 4, '2024-12-04 13:51:41', '2024-12-04 13:51:41', 34, NULL),
(807, 'BILENGUI', 2, 4, '2024-12-04 13:51:41', '2024-12-04 13:51:41', 34, NULL),
(808, 'EBANDO', 2, 4, '2024-12-04 13:51:41', '2024-12-04 13:51:41', 34, NULL),
(809, 'EGOUMBI BAC', 2, 4, '2024-12-04 13:51:41', '2024-12-04 13:51:41', 34, NULL),
(810, 'EKEMBELE', 2, 4, '2024-12-04 13:51:41', '2024-12-04 13:51:41', 34, NULL),
(811, 'EPAMBOA', 2, 4, '2024-12-04 13:51:41', '2024-12-04 13:51:41', 34, NULL),
(812, 'ETAVA', 2, 4, '2024-12-04 13:51:41', '2024-12-04 13:51:41', 34, NULL),
(813, 'ETEKE 1 ET 2', 2, 4, '2024-12-04 13:51:41', '2024-12-04 13:51:41', 34, NULL),
(814, 'KANDA PIE', 2, 4, '2024-12-04 13:51:41', '2024-12-04 13:51:41', 34, NULL),
(815, 'MAMBA EVOVA', 2, 4, '2024-12-04 13:51:41', '2024-12-04 13:51:41', 34, NULL),
(816, 'MASSIKA', 2, 4, '2024-12-04 13:51:41', '2024-12-04 13:51:41', 34, NULL),
(817, 'MASSIMA ET VIEUX MIMONGO', 2, 4, '2024-12-04 13:51:41', '2024-12-04 13:51:41', 34, NULL),
(818, 'MEBE', 2, 4, '2024-12-04 13:51:41', '2024-12-04 13:51:41', 34, NULL),
(819, 'MOSSIGUE', 2, 4, '2024-12-04 13:51:41', '2024-12-04 13:51:41', 34, NULL),
(820, 'MOUBIGOU', 2, 4, '2024-12-04 13:51:41', '2024-12-04 13:51:41', 34, NULL),
(821, 'NOMBO', 2, 4, '2024-12-04 13:51:41', '2024-12-04 13:51:41', 34, NULL),
(822, 'OVALA MOKONA', 2, 4, '2024-12-04 13:51:41', '2024-12-04 13:51:41', 34, NULL),
(823, 'SEKA SEKA', 2, 4, '2024-12-04 13:51:41', '2024-12-04 13:51:41', 34, NULL),
(824, 'YENO (RG-RD)', 2, 4, '2024-12-04 13:51:41', '2024-12-04 13:51:41', 34, NULL),
(825, 'BEMBOUDIE', 1, 4, '2024-12-04 13:51:41', '2024-12-04 13:51:41', 34, NULL),
(826, 'BOUNGOUNGA', 1, 4, '2024-12-04 13:51:41', '2024-12-04 13:51:41', 34, NULL),
(827, 'CES MANDJI', 1, 4, '2024-12-04 13:51:41', '2024-12-04 13:51:41', 34, NULL),
(828, 'CENTRE VILLE', 1, 4, '2024-12-04 13:51:41', '2024-12-04 13:51:41', 34, NULL),
(829, 'CENTRE VILLE CONSEIL DEPARTEMENTAL', 1, 4, '2024-12-04 13:51:41', '2024-12-04 13:51:41', 34, NULL),
(830, 'DIANGUI', 1, 4, '2024-12-04 13:51:41', '2024-12-04 13:51:41', 34, NULL),
(831, 'DIGWEMA', 1, 4, '2024-12-04 13:51:41', '2024-12-04 13:51:41', 34, NULL),
(832, 'ECOLE CATHOLIQUE', 1, 4, '2024-12-04 13:51:41', '2024-12-04 13:51:41', 34, NULL),
(833, 'ECOLE PUBLIQUE DE MANDJI', 1, 4, '2024-12-04 13:51:41', '2024-12-04 13:51:41', 34, NULL),
(834, 'FANGUINDAKA', 1, 4, '2024-12-04 13:51:41', '2024-12-04 13:51:41', 34, NULL),
(835, 'KANANA', 1, 4, '2024-12-04 13:51:41', '2024-12-04 13:51:41', 34, NULL),
(836, 'LAMBARENE KILI', 1, 4, '2024-12-04 13:51:41', '2024-12-04 13:51:41', 34, NULL),
(837, 'MAISON DU PEUPLE', 1, 4, '2024-12-04 13:51:41', '2024-12-04 13:51:41', 34, NULL),
(838, 'PENY 1', 1, 4, '2024-12-04 13:51:41', '2024-12-04 13:51:41', 34, NULL),
(839, 'PENY 2', 1, 4, '2024-12-04 13:51:41', '2024-12-04 13:51:41', 34, NULL),
(840, 'SIEVANOU', 1, 4, '2024-12-04 13:51:41', '2024-12-04 13:51:41', 34, NULL),
(841, 'CFA GUIVANGA', 2, 4, '2024-12-04 13:51:41', '2024-12-04 13:51:41', 34, NULL),
(842, 'FOUANOU', 2, 4, '2024-12-04 13:51:41', '2024-12-04 13:51:41', 34, NULL),
(843, 'MASSANA DOUBINANA', 2, 4, '2024-12-04 13:51:41', '2024-12-04 13:51:41', 34, NULL),
(844, 'MATSOUKA', 2, 4, '2024-12-04 13:51:41', '2024-12-04 13:51:41', 34, NULL),
(845, 'MOUKOUNA', 2, 4, '2024-12-04 13:51:41', '2024-12-04 13:51:41', 34, NULL),
(846, 'NZAMBINATSIENGUI', 2, 4, '2024-12-04 13:51:41', '2024-12-04 13:51:41', 34, NULL),
(847, 'OMENGO', 2, 4, '2024-12-04 13:51:41', '2024-12-04 13:51:41', 34, NULL),
(848, 'TSYKA', 2, 4, '2024-12-04 13:51:41', '2024-12-04 13:51:41', 34, NULL),
(849, 'YENO', 2, 4, '2024-12-04 13:51:41', '2024-12-04 13:51:41', 34, NULL),
(850, 'YENO PETIT VILLAGE', 2, 4, '2024-12-04 13:51:41', '2024-12-04 13:51:41', 34, NULL),
(851, 'CONSEIL DEPARTEMENTAL', 1, 4, '2024-12-04 13:51:41', '2024-12-04 13:51:41', 34, NULL),
(852, 'CAMP TP (AVIATION)', 1, 4, '2024-12-04 13:51:41', '2024-12-04 13:51:41', 34, NULL),
(853, 'DILOLO', 1, 4, '2024-12-04 13:51:41', '2024-12-04 13:51:41', 34, NULL),
(854, 'EP PROTEST (MINDANDA ET KAMBA)', 1, 4, '2024-12-04 13:51:41', '2024-12-04 13:51:41', 34, NULL),
(855, 'ECOLE CATH DOLA A', 1, 4, '2024-12-04 13:51:41', '2024-12-04 13:51:41', 34, NULL),
(856, 'ECOLE CATH DOLA B', 1, 4, '2024-12-04 13:51:41', '2024-12-04 13:51:41', 34, NULL),
(857, 'ECOLE CATHOLIQUE DOUSSALA', 1, 4, '2024-12-04 13:51:41', '2024-12-04 13:51:41', 34, NULL),
(858, 'ECOLE PUBLIQUE CENTRE', 1, 4, '2024-12-04 13:51:41', '2024-12-04 13:51:41', 34, NULL),
(859, 'ECOLE SOGADEL', 1, 4, '2024-12-04 13:51:41', '2024-12-04 13:51:41', 34, NULL),
(860, 'FERRA', 1, 4, '2024-12-04 13:51:41', '2024-12-04 13:51:41', 34, NULL),
(861, 'LYCEE D’ETAT A', 1, 4, '2024-12-04 13:51:41', '2024-12-04 13:51:41', 34, NULL),
(862, 'LYCEE D’ETAT B', 1, 4, '2024-12-04 13:51:41', '2024-12-04 13:51:41', 34, NULL),
(863, 'MBADI', 1, 4, '2024-12-04 13:51:41', '2024-12-04 13:51:41', 34, NULL),
(864, 'MBENGUI', 1, 4, '2024-12-04 13:51:41', '2024-12-04 13:51:41', 34, NULL),
(865, 'MOUDJOMBI', 1, 4, '2024-12-04 13:51:41', '2024-12-04 13:51:41', 34, NULL),
(866, 'MOUKORO 1 ET 2', 1, 4, '2024-12-04 13:51:41', '2024-12-04 13:51:41', 34, NULL),
(867, 'MOUNGALI', 1, 4, '2024-12-04 13:51:41', '2024-12-04 13:51:41', 34, NULL),
(868, 'MOUNIGOU', 1, 4, '2024-12-04 13:51:41', '2024-12-04 13:51:41', 34, NULL),
(869, 'MOUREMBOU (ISSINGA)', 1, 4, '2024-12-04 13:51:41', '2024-12-04 13:51:41', 34, NULL),
(870, 'MOUSSAMBOU', 1, 4, '2024-12-04 13:51:41', '2024-12-04 13:51:41', 34, NULL),
(871, 'NANGA', 1, 4, '2024-12-04 13:51:41', '2024-12-04 13:51:41', 34, NULL),
(872, 'NDENDE 1-2-3', 1, 4, '2024-12-04 13:51:41', '2024-12-04 13:51:41', 34, NULL),
(873, 'NGOUSSOU MINGAGA TSANGUI', 1, 4, '2024-12-04 13:51:41', '2024-12-04 13:51:41', 34, NULL),
(874, 'NYANGA YOUNGOU', 1, 4, '2024-12-04 13:51:41', '2024-12-04 13:51:41', 34, NULL),
(875, 'VOLET VILLAGEOIS (MALABA)', 1, 4, '2024-12-04 13:51:41', '2024-12-04 13:51:41', 34, NULL),
(876, 'ECOLE PUBLIQUE YELO DOLA', 1, 4, '2024-12-04 13:51:41', '2024-12-04 13:51:41', 34, NULL),
(877, 'COLLEGE BONGOLO', 1, 4, '2024-12-04 13:51:41', '2024-12-04 13:51:41', 34, NULL),
(878, 'ECOLE CATHOLIQUE DE MABANGA', 1, 4, '2024-12-04 13:51:41', '2024-12-04 13:51:41', 34, NULL),
(879, 'ECOLE CATHOLIQUE DE MBINAMBI', 1, 4, '2024-12-04 13:51:41', '2024-12-04 13:51:41', 34, NULL),
(880, 'ECOLE CATHOLIQUE LEBAMBA', 1, 4, '2024-12-04 13:51:41', '2024-12-04 13:51:41', 34, NULL),
(881, 'ECOLE PROT. NDZOUNDOU', 1, 4, '2024-12-04 13:51:41', '2024-12-04 13:51:41', 34, NULL),
(882, 'ECOLE PUBLIQUE LEBAMBA', 1, 4, '2024-12-04 13:51:41', '2024-12-04 13:51:41', 34, NULL),
(883, 'ECOLE PUBLIQUE NZINGUI', 1, 4, '2024-12-04 13:51:41', '2024-12-04 13:51:41', 34, NULL),
(884, 'ECOLE CATHOLIQUE LETOGO MABENGO', 1, 4, '2024-12-04 13:51:41', '2024-12-04 13:51:41', 34, NULL),
(885, 'ECOLE ALL CHRETIENNE', 1, 4, '2024-12-04 13:51:41', '2024-12-04 13:51:41', 34, NULL),
(886, 'ECOLE ALLIANCE CHRETIENNE BONGOLO', 1, 4, '2024-12-04 13:51:41', '2024-12-04 13:51:41', 34, NULL),
(887, 'ECOLE ALL. CHRET. MBELENALETEMBE', 1, 4, '2024-12-04 13:51:41', '2024-12-04 13:51:41', 34, NULL),
(888, 'ECOLE PUB. ISSINGA', 1, 4, '2024-12-04 13:51:41', '2024-12-04 13:51:41', 34, NULL),
(889, 'FOYER DES JEUNES (CENTRE VILLE)', 1, 4, '2024-12-04 13:51:41', '2024-12-04 13:51:41', 34, NULL),
(890, 'FOYER DES JEUNES (MALONGO MAPA)', 1, 4, '2024-12-04 13:51:41', '2024-12-04 13:51:41', 34, NULL),
(891, 'ECOLE PROTESTANTE IDEMBE', 1, 4, '2024-12-04 13:51:41', '2024-12-04 13:51:41', 34, NULL),
(892, 'ECOLE CATHOLIQUE KANDA', 1, 4, '2024-12-04 13:51:41', '2024-12-04 13:51:41', 34, NULL),
(893, 'ECOLE ALL CHRET MAKOMBO', 1, 4, '2024-12-04 13:51:41', '2024-12-04 13:51:41', 34, NULL),
(894, 'MAYANGA', 1, 4, '2024-12-04 13:51:41', '2024-12-04 13:51:41', 34, NULL),
(895, 'ECOLE PUBLIQUE MEMBA', 1, 4, '2024-12-04 13:51:41', '2024-12-04 13:51:41', 34, NULL),
(896, 'ECOLE CATH MOUKOUNDOU', 1, 4, '2024-12-04 13:51:42', '2024-12-04 13:51:42', 34, NULL),
(897, 'ECOLE PUBLIQUE MOUYAMBA', 1, 4, '2024-12-04 13:51:42', '2024-12-04 13:51:42', 34, NULL),
(898, 'POUNGOU IMENO', 1, 4, '2024-12-04 13:51:42', '2024-12-04 13:51:42', 34, NULL),
(899, 'ECOLE PRIVEE CATH BAPOSSO', 1, 4, '2024-12-04 13:51:42', '2024-12-04 13:51:42', 34, NULL),
(900, 'ECOLE PRIVEE CATH (MOUEKI)', 1, 4, '2024-12-04 13:51:42', '2024-12-04 13:51:42', 34, NULL),
(901, 'ECOLE PRIVEE PROT. (BIBAMBA)', 1, 4, '2024-12-04 13:51:42', '2024-12-04 13:51:42', 34, NULL),
(902, 'ECOLE PUBLIQUE', 1, 4, '2024-12-04 13:51:42', '2024-12-04 13:51:42', 34, NULL),
(903, 'HANGAR (LONGO)', 1, 4, '2024-12-04 13:51:42', '2024-12-04 13:51:42', 34, NULL),
(904, 'LEPEPE', 1, 4, '2024-12-04 13:51:42', '2024-12-04 13:51:42', 34, NULL),
(905, 'ECOLE PUBLIQUE LEVINDA', 1, 4, '2024-12-04 13:51:42', '2024-12-04 13:51:42', 34, NULL),
(906, 'LEVINDA 2', 1, 4, '2024-12-04 13:51:42', '2024-12-04 13:51:42', 34, NULL),
(907, 'ECOLE ALL. CHRET LEYONGA', 1, 4, '2024-12-04 13:51:42', '2024-12-04 13:51:42', 34, NULL),
(908, 'MADIBA', 1, 4, '2024-12-04 13:51:42', '2024-12-04 13:51:42', 34, NULL),
(909, 'MAMBONGA', 1, 4, '2024-12-04 13:51:42', '2024-12-04 13:51:42', 34, NULL),
(910, 'MAYIGHA (HANGAR)', 1, 4, '2024-12-04 13:51:42', '2024-12-04 13:51:42', 34, NULL),
(911, 'ECOLE PUBLIQUE MBENGAMAMBA', 1, 4, '2024-12-04 13:51:42', '2024-12-04 13:51:42', 34, NULL),
(912, 'ECOLE CATHOLIQUE MBOMO', 1, 4, '2024-12-04 13:51:42', '2024-12-04 13:51:42', 34, NULL),
(913, 'MIKOVANDZA (CHEF DE VILLAGE)', 1, 4, '2024-12-04 13:51:42', '2024-12-04 13:51:42', 34, NULL),
(914, 'ECOLE PUBLIQUE MINTSANDZA', 1, 4, '2024-12-04 13:51:42', '2024-12-04 13:51:42', 34, NULL),
(915, 'MOMBI', 1, 4, '2024-12-04 13:51:42', '2024-12-04 13:51:42', 34, NULL),
(916, 'ECOLE CATHOLIQUE MOUKIMBI', 1, 4, '2024-12-04 13:51:42', '2024-12-04 13:51:42', 34, NULL),
(917, 'ECOLE ALL CHRET.MOUKOUAGNA', 1, 4, '2024-12-04 13:51:42', '2024-12-04 13:51:42', 34, NULL),
(918, 'NDZINDZI', 1, 4, '2024-12-04 13:51:42', '2024-12-04 13:51:42', 34, NULL),
(919, 'BAGNARA', 1, 5, '2024-12-04 13:51:42', '2024-12-04 13:51:42', 41, 1),
(920, 'CES HORIZON BASE BIBORA', 1, 5, '2024-12-04 13:51:42', '2024-12-04 13:51:42', 41, 1),
(921, 'CENTRE VILLE', 1, 5, '2024-12-04 13:51:42', '2024-12-04 13:51:42', 41, 1),
(922, 'DIGOUNZI', 1, 5, '2024-12-04 13:51:42', '2024-12-04 13:51:42', 41, 1),
(923, 'DOUGHENY', 1, 5, '2024-12-04 13:51:42', '2024-12-04 13:51:42', 41, 1),
(924, 'DOUKOUMOU', 1, 5, '2024-12-04 13:51:42', '2024-12-04 13:51:42', 41, 1),
(925, 'ECOLE COMMUNALE –C NDABILILA 2', 1, 5, '2024-12-04 13:51:42', '2024-12-04 13:51:42', 41, 1),
(926, 'ECOLE SAINT JOSEPH', 1, 5, '2024-12-04 13:51:42', '2024-12-04 13:51:42', 41, 1),
(927, 'IDOUMA', 1, 5, '2024-12-04 13:51:42', '2024-12-04 13:51:42', 41, 1),
(928, 'KERI NZAMBI', 1, 5, '2024-12-04 13:51:42', '2024-12-04 13:51:42', 41, 1),
(929, 'LYCEE NAZAIRE BOULINGUI', 1, 5, '2024-12-04 13:51:42', '2024-12-04 13:51:42', 41, 1),
(930, 'MAKABANA', 1, 5, '2024-12-04 13:51:42', '2024-12-04 13:51:42', 41, 1),
(931, 'MIGOMA', 1, 5, '2024-12-04 13:51:42', '2024-12-04 13:51:42', 41, 1),
(932, 'ANCIEN CES HORIZON (MINZANZALA II)', 1, 5, '2024-12-04 13:51:42', '2024-12-04 13:51:42', 41, 1),
(933, 'NDABILILA 1 (EDUCATION POPULAIRE)', 1, 5, '2024-12-04 13:51:42', '2024-12-04 13:51:42', 41, 1),
(934, 'NDENGA', 1, 5, '2024-12-04 13:51:42', '2024-12-04 13:51:42', 41, 1),
(935, 'NOTRE DAME', 1, 5, '2024-12-04 13:51:42', '2024-12-04 13:51:42', 41, 1),
(936, 'ECOLE COMMUNALE G. POLA II', 1, 5, '2024-12-04 13:51:42', '2024-12-04 13:51:42', 41, 1),
(937, 'ECOLE COMMUNALE E BATSIENGUI 1', 1, 5, '2024-12-04 13:51:42', '2024-12-04 13:51:42', 41, 2),
(938, 'ECOLE COMMUNALE BATSIENGUI 2', 1, 5, '2024-12-04 13:51:42', '2024-12-04 13:51:42', 41, 2),
(939, 'ECOLE PROTESTANTE', 1, 5, '2024-12-04 13:51:42', '2024-12-04 13:51:42', 41, 2),
(940, 'ECOLE COMMUNALE A INGARA 1', 1, 5, '2024-12-04 13:51:42', '2024-12-04 13:51:42', 41, 2),
(941, 'ECOLE COMMUNALE H INGARA 2-3', 1, 5, '2024-12-04 13:51:42', '2024-12-04 13:51:42', 41, 2),
(942, 'LYCEE PROFESSIONNEL', 1, 5, '2024-12-04 13:51:42', '2024-12-04 13:51:42', 41, 2),
(943, 'ECOLE COMMUNALE F MAVOUNDI', 1, 5, '2024-12-04 13:51:42', '2024-12-04 13:51:42', 41, 2),
(944, 'ECOLE COMMUNALE B MOUKENGA 2', 1, 5, '2024-12-04 13:51:42', '2024-12-04 13:51:42', 41, 2),
(945, 'ECOLE COMMUNALE D MOUKENGA 3', 1, 5, '2024-12-04 13:51:42', '2024-12-04 13:51:42', 41, 2),
(946, 'DIGOUDOU', 1, 5, '2024-12-04 13:51:42', '2024-12-04 13:51:42', 41, NULL),
(947, 'DOUGANDOU', 1, 5, '2024-12-04 13:51:42', '2024-12-04 13:51:42', 41, NULL),
(948, 'DOUSSEGOUSSOU', 1, 5, '2024-12-04 13:51:42', '2024-12-04 13:51:42', 41, NULL),
(949, 'ILALA', 1, 5, '2024-12-04 13:51:42', '2024-12-04 13:51:42', 41, NULL),
(950, 'IMANGUE PLANTEUR', 1, 5, '2024-12-04 13:51:42', '2024-12-04 13:51:42', 41, NULL),
(951, 'LOUANGO', 1, 5, '2024-12-04 13:51:42', '2024-12-04 13:51:42', 41, NULL),
(952, 'MILOLO', 1, 5, '2024-12-04 13:51:42', '2024-12-04 13:51:42', 41, NULL),
(953, 'MOUGAMBOU DIMBOU', 1, 5, '2024-12-04 13:51:42', '2024-12-04 13:51:42', 41, NULL),
(954, 'MOUNANGA', 1, 5, '2024-12-04 13:51:42', '2024-12-04 13:51:42', 41, NULL),
(955, 'MOUNIONZI', 1, 5, '2024-12-04 13:51:42', '2024-12-04 13:51:42', 41, NULL),
(956, 'MOUTSOUBIRI', 1, 5, '2024-12-04 13:51:42', '2024-12-04 13:51:42', 41, NULL),
(957, 'NZIENZILI', 1, 5, '2024-12-04 13:51:42', '2024-12-04 13:51:42', 41, NULL),
(958, 'TONO', 1, 5, '2024-12-04 13:51:42', '2024-12-04 13:51:42', 41, NULL),
(959, 'VIEUX TONO', 1, 5, '2024-12-04 13:51:42', '2024-12-04 13:51:42', 41, NULL),
(960, 'DIKOUTOU', 1, 5, '2024-12-04 13:51:42', '2024-12-04 13:51:42', 41, NULL),
(961, 'MABOURIGA', 1, 5, '2024-12-04 13:51:42', '2024-12-04 13:51:42', 41, NULL),
(962, 'MANDILOU 2', 1, 5, '2024-12-04 13:51:42', '2024-12-04 13:51:42', 41, NULL),
(963, 'MOUEDJI', 1, 5, '2024-12-04 13:51:42', '2024-12-04 13:51:42', 41, NULL),
(964, 'NDENGUILILA', 1, 5, '2024-12-04 13:51:42', '2024-12-04 13:51:42', 41, NULL),
(965, 'PENIOUNDOU', 1, 5, '2024-12-04 13:51:42', '2024-12-04 13:51:42', 41, NULL),
(966, 'BASE PEDAGOGIQUE MIAMBA', 1, 5, '2024-12-04 13:51:42', '2024-12-04 13:51:42', 41, NULL),
(967, 'CENTRE SOCIAL MOABI 10- ECOLE MANDILOU', 1, 5, '2024-12-04 13:51:42', '2024-12-04 13:51:42', 41, NULL),
(968, 'CES BILENGUI', 1, 5, '2024-12-04 13:51:42', '2024-12-04 13:51:42', 41, NULL),
(969, 'ECOLE MOUKOKO MBAKA', 1, 5, '2024-12-04 13:51:42', '2024-12-04 13:51:42', 41, NULL),
(970, 'ECOLE PROTESTANTE. (MOUDIBA PUTU NENI)', 1, 5, '2024-12-04 13:51:42', '2024-12-04 13:51:42', 41, NULL),
(971, 'ECOLE PUBLIQUE A (MOTOUMBA DJABA)', 1, 5, '2024-12-04 13:51:42', '2024-12-04 13:51:42', 41, NULL),
(972, 'ECOLE PUBLIQUE B (MISSAFOU)', 1, 5, '2024-12-04 13:51:42', '2024-12-04 13:51:42', 41, NULL),
(973, 'ECOLE ST KISITO (MOUGOUNA)', 1, 5, '2024-12-04 13:51:42', '2024-12-04 13:51:42', 41, NULL),
(974, 'ECOLE DOUGASSOU', 1, 5, '2024-12-04 13:51:42', '2024-12-04 13:51:42', 41, NULL),
(975, 'ECOLE MANDILOU', 1, 5, '2024-12-04 13:51:42', '2024-12-04 13:51:42', 41, NULL),
(976, 'ECOLE NGUENDA', 1, 5, '2024-12-04 13:51:42', '2024-12-04 13:51:42', 41, NULL),
(977, 'MABALA', 1, 5, '2024-12-04 13:51:42', '2024-12-04 13:51:42', 41, NULL),
(978, 'MBAMBA', 1, 5, '2024-12-04 13:51:42', '2024-12-04 13:51:42', 41, NULL),
(979, 'MBILA NYAMBI', 1, 5, '2024-12-04 13:51:42', '2024-12-04 13:51:42', 41, NULL),
(980, 'NGANGALA', 1, 5, '2024-12-04 13:51:42', '2024-12-04 13:51:42', 41, NULL),
(981, 'BOUGOULOU', 2, 5, '2024-12-04 13:51:42', '2024-12-04 13:51:42', 41, NULL),
(982, 'BOUNOUNGA', 2, 5, '2024-12-04 13:51:42', '2024-12-04 13:51:42', 41, NULL),
(983, 'BOUTEMBI', 2, 5, '2024-12-04 13:51:42', '2024-12-04 13:51:42', 41, NULL),
(984, 'DOUSSALA', 2, 5, '2024-12-04 13:51:42', '2024-12-04 13:51:42', 41, NULL),
(985, 'KONDZI', 2, 5, '2024-12-04 13:51:42', '2024-12-04 13:51:42', 41, NULL),
(986, 'MALOLO', 2, 5, '2024-12-04 13:51:42', '2024-12-04 13:51:42', 41, NULL),
(987, 'MBOUNGOU', 2, 5, '2024-12-04 13:51:42', '2024-12-04 13:51:42', 41, NULL),
(988, 'MIVEMBA MBORTO', 2, 5, '2024-12-04 13:51:42', '2024-12-04 13:51:42', 41, NULL),
(989, 'MOKABE', 2, 5, '2024-12-04 13:51:42', '2024-12-04 13:51:42', 41, NULL),
(990, 'MOUKOUALOU', 2, 5, '2024-12-04 13:51:42', '2024-12-04 13:51:42', 41, NULL),
(991, 'MOURINDI', 2, 5, '2024-12-04 13:51:42', '2024-12-04 13:51:42', 41, NULL),
(992, 'MOUSSAMOU KOUBOU', 2, 5, '2024-12-04 13:51:42', '2024-12-04 13:51:42', 41, NULL),
(993, 'PAHOU NZAMBI', 2, 5, '2024-12-04 13:51:42', '2024-12-04 13:51:42', 41, NULL),
(994, 'RINA NZALA', 2, 5, '2024-12-04 13:51:42', '2024-12-04 13:51:42', 41, NULL),
(995, 'BANA AVIATION', 1, 5, '2024-12-04 13:51:42', '2024-12-04 13:51:42', 41, NULL),
(996, 'DISPENSAIRE TCHIOLE NDEMBET', 1, 5, '2024-12-04 13:51:42', '2024-12-04 13:51:42', 41, NULL),
(997, 'ECOLE PUBLIQUE FOUIKA', 1, 5, '2024-12-04 13:51:42', '2024-12-04 13:51:42', 41, NULL),
(998, 'ECOLE KOUANGO', 1, 5, '2024-12-04 13:51:42', '2024-12-04 13:51:42', 41, NULL),
(999, 'LYCEE JEAN BAPTISTE MOANDA (MABOUNDA)', 1, 5, '2024-12-04 13:51:42', '2024-12-04 13:51:42', 41, NULL),
(1000, 'PREFECTURE DOUANES', 1, 5, '2024-12-04 13:51:42', '2024-12-04 13:51:42', 41, NULL),
(1001, 'SAINT ANTOINE', 1, 5, '2024-12-04 13:51:42', '2024-12-04 13:51:42', 41, NULL),
(1002, 'BILANGA', 2, 5, '2024-12-04 13:51:42', '2024-12-04 13:51:42', 41, NULL),
(1003, 'DITOUBA', 2, 5, '2024-12-04 13:51:42', '2024-12-04 13:51:42', 41, NULL),
(1004, 'DOUIGNY', 2, 5, '2024-12-04 13:51:42', '2024-12-04 13:51:42', 41, NULL),
(1005, 'LOUANDO', 2, 5, '2024-12-04 13:51:42', '2024-12-04 13:51:42', 41, NULL),
(1006, 'LOUBOMO', 2, 5, '2024-12-04 13:51:42', '2024-12-04 13:51:42', 41, NULL),
(1007, 'MALOUNGA I', 2, 5, '2024-12-04 13:51:42', '2024-12-04 13:51:42', 41, NULL),
(1008, 'MALOUNGA II', 2, 5, '2024-12-04 13:51:42', '2024-12-04 13:51:42', 41, NULL),
(1009, 'MANGALI', 2, 5, '2024-12-04 13:51:42', '2024-12-04 13:51:42', 41, NULL),
(1010, 'MIRENDA', 2, 5, '2024-12-04 13:51:42', '2024-12-04 13:51:42', 41, NULL),
(1011, 'MIVEMBA', 2, 5, '2024-12-04 13:51:42', '2024-12-04 13:51:42', 41, NULL),
(1012, 'MOUENDA', 2, 5, '2024-12-04 13:51:42', '2024-12-04 13:51:42', 41, NULL),
(1013, 'MOUGAGARA', 2, 5, '2024-12-04 13:51:42', '2024-12-04 13:51:42', 41, NULL),
(1014, 'MOULONDO', 2, 5, '2024-12-04 13:51:42', '2024-12-04 13:51:42', 41, NULL),
(1015, 'PANGA E -', 2, 5, '2024-12-04 13:51:42', '2024-12-04 13:51:42', 41, NULL),
(1016, 'VEMO', 2, 5, '2024-12-04 13:51:42', '2024-12-04 13:51:42', 41, NULL),
(1017, 'DOUMVOU', 2, 5, '2024-12-04 13:51:42', '2024-12-04 13:51:42', 41, NULL),
(1018, 'MALEMBET (MAMBI 2)', 2, 5, '2024-12-04 13:51:42', '2024-12-04 13:51:42', 41, NULL),
(1019, 'MAMBI I', 2, 5, '2024-12-04 13:51:42', '2024-12-04 13:51:42', 41, NULL),
(1020, 'PILAKOUMBI', 2, 5, '2024-12-04 13:51:42', '2024-12-04 13:51:42', 41, NULL),
(1021, 'ECOLE PUBLIQUE CENTRE VILLE', 1, 5, '2024-12-04 13:51:42', '2024-12-04 13:51:42', 41, NULL),
(1022, 'GNENZE MOGNO', 1, 5, '2024-12-04 13:51:42', '2024-12-04 13:51:42', 41, NULL),
(1023, 'KALA BOUBOTE', 1, 5, '2024-12-04 13:51:42', '2024-12-04 13:51:42', 41, NULL),
(1024, 'MALEMBE', 1, 5, '2024-12-04 13:51:42', '2024-12-04 13:51:42', 41, NULL),
(1025, 'MINKOUMI', 1, 5, '2024-12-04 13:51:42', '2024-12-04 13:51:42', 41, NULL),
(1026, 'PK12 CARREFOUR', 1, 5, '2024-12-04 13:51:42', '2024-12-04 13:51:42', 41, NULL),
(1027, 'RINA NZALA', 1, 5, '2024-12-04 13:51:42', '2024-12-04 13:51:42', 41, NULL),
(1028, 'TALA ZAMBI', 1, 5, '2024-12-04 13:51:42', '2024-12-04 13:51:42', 41, NULL),
(1029, 'TCHIANZY', 1, 5, '2024-12-04 13:51:42', '2024-12-04 13:51:42', 41, NULL),
(1030, 'TIYA', 1, 5, '2024-12-04 13:51:42', '2024-12-04 13:51:42', 41, NULL),
(1031, 'YOYO', 1, 5, '2024-12-04 13:51:42', '2024-12-04 13:51:42', 41, NULL),
(1032, 'BAMBOMA', 1, 5, '2024-12-04 13:51:42', '2024-12-04 13:51:42', 41, NULL),
(1033, 'BANDA MAMBA', 1, 5, '2024-12-04 13:51:42', '2024-12-04 13:51:42', 41, NULL),
(1034, 'BIKOKO', 1, 5, '2024-12-04 13:51:42', '2024-12-04 13:51:42', 41, NULL),
(1035, 'CHANTIER', 1, 5, '2024-12-04 13:51:42', '2024-12-04 13:51:42', 41, NULL),
(1036, 'DONGO', 1, 5, '2024-12-04 13:51:42', '2024-12-04 13:51:42', 41, NULL),
(1037, 'DOUANO I', 1, 5, '2024-12-04 13:51:42', '2024-12-04 13:51:42', 41, NULL),
(1038, 'DOUANO II', 1, 5, '2024-12-04 13:51:42', '2024-12-04 13:51:42', 41, NULL),
(1039, 'DOUNDZADZA', 1, 5, '2024-12-04 13:51:42', '2024-12-04 13:51:42', 41, NULL),
(1040, 'DOUVOULI', 1, 5, '2024-12-04 13:51:42', '2024-12-04 13:51:42', 41, NULL),
(1041, 'ECOLE PUBLIQUE NGONGO', 1, 5, '2024-12-04 13:51:42', '2024-12-04 13:51:42', 41, NULL),
(1042, 'ILOUNGA', 1, 5, '2024-12-04 13:51:42', '2024-12-04 13:51:42', 41, NULL),
(1043, 'KOTA', 1, 5, '2024-12-04 13:51:42', '2024-12-04 13:51:42', 41, NULL),
(1044, 'KOUMOU DOUSSALA', 1, 5, '2024-12-04 13:51:42', '2024-12-04 13:51:42', 41, NULL),
(1045, 'MBANGA', 1, 5, '2024-12-04 13:51:42', '2024-12-04 13:51:42', 41, NULL),
(1046, 'MOUNGOUDI', 1, 5, '2024-12-04 13:51:42', '2024-12-04 13:51:42', 41, NULL),
(1047, 'NYALI', 1, 5, '2024-12-04 13:51:42', '2024-12-04 13:51:42', 41, NULL),
(1048, 'NZINGA', 1, 5, '2024-12-04 13:51:42', '2024-12-04 13:51:42', 41, NULL),
(1049, 'PANZA', 1, 5, '2024-12-04 13:51:42', '2024-12-04 13:51:42', 41, NULL),
(1050, 'BAYADI', 1, 5, '2024-12-04 13:51:42', '2024-12-04 13:51:42', 41, NULL),
(1051, 'BIGOUNDOU GUIHA', 1, 5, '2024-12-04 13:51:42', '2024-12-04 13:51:42', 41, NULL),
(1052, 'BIKAMBA', 1, 5, '2024-12-04 13:51:42', '2024-12-04 13:51:42', 41, NULL),
(1053, 'CENTRE VILLE', 1, 5, '2024-12-04 13:51:42', '2024-12-04 13:51:42', 41, NULL),
(1054, 'DIBOR DIBORA', 1, 5, '2024-12-04 13:51:42', '2024-12-04 13:51:42', 41, NULL),
(1055, 'DILEMBA', 1, 5, '2024-12-04 13:51:42', '2024-12-04 13:51:42', 41, NULL),
(1056, 'DOUMANGA', 1, 5, '2024-12-04 13:51:42', '2024-12-04 13:51:42', 41, NULL),
(1057, 'DOUVOYE', 1, 5, '2024-12-04 13:51:42', '2024-12-04 13:51:42', 41, NULL),
(1058, 'GNOUMBETSI', 1, 5, '2024-12-04 13:51:42', '2024-12-04 13:51:42', 41, NULL),
(1059, 'IKOLI', 1, 5, '2024-12-04 13:51:42', '2024-12-04 13:51:42', 41, NULL),
(1060, 'MAGONGA', 1, 5, '2024-12-04 13:51:42', '2024-12-04 13:51:42', 41, NULL),
(1061, 'MAHANDI MONUMBUMBA', 1, 5, '2024-12-04 13:51:42', '2024-12-04 13:51:42', 41, NULL),
(1062, 'MIASSA', 1, 5, '2024-12-04 13:51:42', '2024-12-04 13:51:42', 41, NULL),
(1063, 'MOULENGUI BINDZA', 1, 5, '2024-12-04 13:51:42', '2024-12-04 13:51:42', 41, NULL),
(1064, 'PC NYANGA SIAT', 1, 5, '2024-12-04 13:51:42', '2024-12-04 13:51:42', 41, NULL),
(1065, 'RINA NZALA', 1, 5, '2024-12-04 13:51:42', '2024-12-04 13:51:42', 41, NULL),
(1066, 'VOUNGOU SOGADEL', 1, 5, '2024-12-04 13:51:42', '2024-12-04 13:51:42', 41, NULL);

-- --------------------------------------------------------

--
-- Structure de la table `commoudepts`
--

CREATE TABLE `commoudepts` (
  `id` bigint(20) UNSIGNED NOT NULL,
  `commoudept` varchar(255) NOT NULL,
  `province_id` bigint(20) UNSIGNED NOT NULL,
  `created_at` timestamp NULL DEFAULT NULL,
  `updated_at` timestamp NULL DEFAULT NULL
) ENGINE=InnoDB DEFAULT CHARSET=utf8mb4 COLLATE=utf8mb4_unicode_ci;

--
-- Déchargement des données de la table `commoudepts`
--

INSERT INTO `commoudepts` (`id`, `commoudept`, `province_id`, `created_at`, `updated_at`) VALUES
(1, 'Commune de Libreville', 1, '2024-12-03 16:44:29', '2024-12-03 16:44:29'),
(2, 'Commune d\'Akanda', 1, '2024-12-03 16:44:29', '2024-12-03 16:44:29'),
(3, 'Commune d\'Owendo', 1, '2024-12-03 16:44:29', '2024-12-03 16:44:29'),
(4, 'Commune de NTOUM', 1, '2024-12-03 16:44:29', '2024-12-03 16:44:29'),
(5, 'Departement du Komo-Mondah', 1, '2024-12-03 16:44:29', '2024-12-03 16:44:29'),
(6, 'Departement du Komo-Ocean', 1, '2024-12-03 16:44:29', '2024-12-03 16:44:29'),
(7, 'Departement du Komo', 1, '2024-12-03 16:44:29', '2024-12-03 16:44:29'),
(8, 'Departement de la Noya', 1, '2024-12-03 16:44:29', '2024-12-03 16:44:29'),
(9, 'Commune de Franceville', 2, '2024-12-03 16:44:29', '2024-12-03 16:44:29'),
(10, 'Departement de la Passa', 2, '2024-12-03 16:44:29', '2024-12-03 16:44:29'),
(11, 'Departement de la Lébombi-Léyou', 2, '2024-12-03 16:44:29', '2024-12-03 16:44:29'),
(12, 'Commune de Moanda', 2, '2024-12-03 16:44:29', '2024-12-03 16:44:29'),
(13, 'Departement de Lekoko', 2, '2024-12-03 16:44:29', '2024-12-03 16:44:29'),
(14, 'Departement de Lékoni-Lékori', 2, '2024-12-03 16:44:29', '2024-12-03 16:44:29'),
(15, 'Departement des Plateaux', 2, '2024-12-03 16:44:29', '2024-12-03 16:44:29'),
(16, 'Departement de Sébé-Bricolo', 2, '2024-12-03 16:44:29', '2024-12-03 16:44:29'),
(17, 'Departement de Djouori-Agnili', 2, '2024-12-03 16:44:29', '2024-12-03 16:44:29'),
(18, 'Departement de Djoué', 2, '2024-12-03 16:44:29', '2024-12-03 16:44:29'),
(19, 'Departement de Lékabi-Lewolo', 2, '2024-12-03 16:44:29', '2024-12-03 16:44:29'),
(20, 'Departement de l\'Ogooué-Létili', 2, '2024-12-03 16:44:29', '2024-12-03 16:44:29'),
(21, 'Departement de la Bayi-Brilolo', 2, '2024-12-03 16:44:29', '2024-12-03 16:44:29'),
(22, 'Commune de Lambaréné', 3, '2024-12-03 16:44:29', '2024-12-03 16:44:29'),
(23, 'Departement de l\'Ogooué et des Lacs', 3, '2024-12-03 16:44:29', '2024-12-03 16:44:29'),
(24, 'Departement de l\'Abanga-Bigné', 3, '2024-12-03 16:44:29', '2024-12-03 16:44:29'),
(25, 'Commune de Mouila', 4, '2024-12-03 16:44:29', '2024-12-03 16:44:29'),
(26, 'Departement de la Douya-Onoye', 4, '2024-12-03 16:44:29', '2024-12-03 16:44:29'),
(27, 'Departement de Mougalaba', 4, '2024-12-03 16:44:29', '2024-12-03 16:44:29'),
(28, 'Departement de tsamba-Magotsi', 4, '2024-12-03 16:44:29', '2024-12-03 16:44:29'),
(29, 'Departement de Boumi-Louétsi', 4, '2024-12-03 16:44:29', '2024-12-03 16:44:29'),
(30, 'Departement de l\'Ogoulou', 4, '2024-12-03 16:44:29', '2024-12-03 16:44:29'),
(31, 'Departement de Ndolou', 4, '2024-12-03 16:44:29', '2024-12-03 16:44:29'),
(32, 'Departement de la Dola', 4, '2024-12-03 16:44:29', '2024-12-03 16:44:29'),
(33, 'Departement de Louétsi-Wano', 4, '2024-12-03 16:44:29', '2024-12-03 16:44:29'),
(34, 'Departement de Louétsi-Bibaka', 4, '2024-12-03 16:44:29', '2024-12-03 16:44:29'),
(35, 'Commune de Tchibanga ', 5, '2024-12-03 16:44:29', '2024-12-03 16:44:29'),
(36, 'Département de Mougoutsi ', 5, '2024-12-03 16:44:29', '2024-12-03 16:44:29'),
(37, 'Département de Douigny ', 5, '2024-12-03 16:44:29', '2024-12-03 16:44:29'),
(38, 'Département de la Basse-Banio ', 5, '2024-12-03 16:44:29', '2024-12-03 16:44:29'),
(39, 'Département de la Haute-Banio ', 5, '2024-12-03 16:44:29', '2024-12-03 16:44:29'),
(40, 'Département de Doutsila ', 5, '2024-12-03 16:44:29', '2024-12-03 16:44:29'),
(41, 'Département de Mongo ', 5, '2024-12-03 16:44:29', '2024-12-03 16:44:29');

-- --------------------------------------------------------

--
-- Structure de la table `electeurs`
--

CREATE TABLE `electeurs` (
  `id` bigint(20) UNSIGNED NOT NULL,
  `nip_ipn` varchar(255) NOT NULL,
  `nom` varchar(255) NOT NULL,
  `prenom` varchar(255) NOT NULL,
  `date_naiss` varchar(255) NOT NULL,
  `lieu_naiss` varchar(255) NOT NULL,
  `centrevote_id` bigint(20) UNSIGNED NOT NULL,
  `created_at` timestamp NULL DEFAULT NULL,
  `updated_at` timestamp NULL DEFAULT NULL
) ENGINE=InnoDB DEFAULT CHARSET=utf8mb4 COLLATE=utf8mb4_unicode_ci;

--
-- Déchargement des données de la table `electeurs`
--

INSERT INTO `electeurs` (`id`, `nip_ipn`, `nom`, `prenom`, `date_naiss`, `lieu_naiss`, `centrevote_id`, `created_at`, `updated_at`) VALUES
(1, '149620040459', 'FALL', 'MODOU', '1998-02-02', 'Dakar', 1, '2024-12-04 17:16:27', '2024-12-04 17:16:27');

-- --------------------------------------------------------

--
-- Structure de la table `failed_jobs`
--

CREATE TABLE `failed_jobs` (
  `id` bigint(20) UNSIGNED NOT NULL,
  `uuid` varchar(255) NOT NULL,
  `connection` text NOT NULL,
  `queue` text NOT NULL,
  `payload` longtext NOT NULL,
  `exception` longtext NOT NULL,
  `failed_at` timestamp NOT NULL DEFAULT current_timestamp()
) ENGINE=InnoDB DEFAULT CHARSET=utf8mb4 COLLATE=utf8mb4_unicode_ci;

-- --------------------------------------------------------

--
-- Structure de la table `jobs`
--

CREATE TABLE `jobs` (
  `id` bigint(20) UNSIGNED NOT NULL,
  `queue` varchar(255) NOT NULL,
  `payload` longtext NOT NULL,
  `attempts` tinyint(3) UNSIGNED NOT NULL,
  `reserved_at` int(10) UNSIGNED DEFAULT NULL,
  `available_at` int(10) UNSIGNED NOT NULL,
  `created_at` int(10) UNSIGNED NOT NULL
) ENGINE=InnoDB DEFAULT CHARSET=utf8mb4 COLLATE=utf8mb4_unicode_ci;

-- --------------------------------------------------------

--
-- Structure de la table `job_batches`
--

CREATE TABLE `job_batches` (
  `id` varchar(255) NOT NULL,
  `name` varchar(255) NOT NULL,
  `total_jobs` int(11) NOT NULL,
  `pending_jobs` int(11) NOT NULL,
  `failed_jobs` int(11) NOT NULL,
  `failed_job_ids` longtext NOT NULL,
  `options` mediumtext DEFAULT NULL,
  `cancelled_at` int(11) DEFAULT NULL,
  `created_at` int(11) NOT NULL,
  `finished_at` int(11) DEFAULT NULL
) ENGINE=InnoDB DEFAULT CHARSET=utf8mb4 COLLATE=utf8mb4_unicode_ci;

-- --------------------------------------------------------

--
-- Structure de la table `migrations`
--

CREATE TABLE `migrations` (
  `id` int(10) UNSIGNED NOT NULL,
  `migration` varchar(255) NOT NULL,
  `batch` int(11) NOT NULL
) ENGINE=InnoDB DEFAULT CHARSET=utf8mb4 COLLATE=utf8mb4_unicode_ci;

--
-- Déchargement des données de la table `migrations`
--

INSERT INTO `migrations` (`id`, `migration`, `batch`) VALUES
(1, '0001_01_01_000000_create_users_table', 1),
(2, '0001_01_01_000001_create_cache_table', 1),
(3, '0001_01_01_000002_create_jobs_table', 1),
(4, '2024_12_03_103437_create_provinces_table', 1),
(5, '2024_12_03_103520_create_commoudepts_table', 1),
(6, '2024_12_03_103543_create_arrondissements_table', 1),
(7, '2024_12_03_103557_create_sieges_table', 1),
(8, '2024_12_03_103612_create_centrevotes_table', 1),
(9, '2024_12_03_105541_add_column_to_commoudepts_table', 1),
(10, '2024_12_04_114027_add_column_in_to_centrevotes_table', 2),
(11, '2024_12_04_163216_create_electeurs_table', 3);

-- --------------------------------------------------------

--
-- Structure de la table `password_reset_tokens`
--

CREATE TABLE `password_reset_tokens` (
  `email` varchar(255) NOT NULL,
  `token` varchar(255) NOT NULL,
  `created_at` timestamp NULL DEFAULT NULL
) ENGINE=InnoDB DEFAULT CHARSET=utf8mb4 COLLATE=utf8mb4_unicode_ci;

-- --------------------------------------------------------

--
-- Structure de la table `provinces`
--

CREATE TABLE `provinces` (
  `id` bigint(20) UNSIGNED NOT NULL,
  `province` varchar(255) NOT NULL,
  `created_at` timestamp NULL DEFAULT NULL,
  `updated_at` timestamp NULL DEFAULT NULL
) ENGINE=InnoDB DEFAULT CHARSET=utf8mb4 COLLATE=utf8mb4_unicode_ci;

--
-- Déchargement des données de la table `provinces`
--

INSERT INTO `provinces` (`id`, `province`, `created_at`, `updated_at`) VALUES
(1, 'PROVINCE DE L’ESTUAIRE', NULL, NULL),
(2, 'PROVINCE DU HAUT-OGOOUE', NULL, NULL),
(3, 'PROVINCE DU MOYEN-OGOOUE', NULL, NULL),
(4, 'PROVINCE DE LA NGOUNIE', NULL, NULL),
(5, 'PROVINCE DE LA NYANGA', NULL, NULL);

-- --------------------------------------------------------

--
-- Structure de la table `sessions`
--

CREATE TABLE `sessions` (
  `id` varchar(255) NOT NULL,
  `user_id` bigint(20) UNSIGNED DEFAULT NULL,
  `ip_address` varchar(45) DEFAULT NULL,
  `user_agent` text DEFAULT NULL,
  `payload` longtext NOT NULL,
  `last_activity` int(11) NOT NULL
) ENGINE=InnoDB DEFAULT CHARSET=utf8mb4 COLLATE=utf8mb4_unicode_ci;

--
-- Déchargement des données de la table `sessions`
--

INSERT INTO `sessions` (`id`, `user_id`, `ip_address`, `user_agent`, `payload`, `last_activity`) VALUES
('sgvWNsUN0Ib1z1XkIskKUi0d2isoUwFTbTLm5joB', NULL, '127.0.0.1', 'Mozilla/5.0 (Windows NT 10.0; Win64; x64) AppleWebKit/537.36 (KHTML, like Gecko) Chrome/131.0.0.0 Safari/537.36', 'YTozOntzOjY6Il90b2tlbiI7czo0MDoiYjVPYm1OV2Nab2tob3ZxaUE3alRFTXJTemlka2FQRldFeXJYcDFoWCI7czo5OiJfcHJldmlvdXMiO2E6MTp7czozOiJ1cmwiO3M6MzA6Imh0dHA6Ly8xMjcuMC4wLjE6ODAwMC9lbGVjdGV1ciI7fXM6NjoiX2ZsYXNoIjthOjI6e3M6Mzoib2xkIjthOjA6e31zOjM6Im5ldyI7YTowOnt9fX0=', 1733332616);

-- --------------------------------------------------------

--
-- Structure de la table `sieges`
--

CREATE TABLE `sieges` (
  `id` bigint(20) UNSIGNED NOT NULL,
  `siege` varchar(255) NOT NULL,
  `created_at` timestamp NULL DEFAULT NULL,
  `updated_at` timestamp NULL DEFAULT NULL
) ENGINE=InnoDB DEFAULT CHARSET=utf8mb4 COLLATE=utf8mb4_unicode_ci;

--
-- Déchargement des données de la table `sieges`
--

INSERT INTO `sieges` (`id`, `siege`, `created_at`, `updated_at`) VALUES
(1, '1 siege', NULL, NULL),
(2, '2 siege', NULL, NULL),
(3, '3siege', NULL, NULL),
(4, '4siege', NULL, NULL),
(5, '5siege', NULL, NULL);

-- --------------------------------------------------------

--
-- Structure de la table `users`
--

CREATE TABLE `users` (
  `id` bigint(20) UNSIGNED NOT NULL,
  `name` varchar(255) NOT NULL,
  `email` varchar(255) NOT NULL,
  `email_verified_at` timestamp NULL DEFAULT NULL,
  `password` varchar(255) NOT NULL,
  `remember_token` varchar(100) DEFAULT NULL,
  `created_at` timestamp NULL DEFAULT NULL,
  `updated_at` timestamp NULL DEFAULT NULL
) ENGINE=InnoDB DEFAULT CHARSET=utf8mb4 COLLATE=utf8mb4_unicode_ci;

--
-- Index pour les tables déchargées
--

--
-- Index pour la table `arrondissements`
--
ALTER TABLE `arrondissements`
  ADD PRIMARY KEY (`id`);

--
-- Index pour la table `cache`
--
ALTER TABLE `cache`
  ADD PRIMARY KEY (`key`);

--
-- Index pour la table `cache_locks`
--
ALTER TABLE `cache_locks`
  ADD PRIMARY KEY (`key`);

--
-- Index pour la table `centrevotes`
--
ALTER TABLE `centrevotes`
  ADD PRIMARY KEY (`id`),
  ADD KEY `centrevotes_province_id_foreign` (`province_id`),
  ADD KEY `centrevotes_siege_id_foreign` (`siege_id`),
  ADD KEY `centrevotes_commoudept_id_foreign` (`commoudept_id`),
  ADD KEY `centrevotes_arrondissement_id_foreign` (`arrondissement_id`);

--
-- Index pour la table `commoudepts`
--
ALTER TABLE `commoudepts`
  ADD PRIMARY KEY (`id`),
  ADD KEY `commoudepts_province_id_foreign` (`province_id`);

--
-- Index pour la table `electeurs`
--
ALTER TABLE `electeurs`
  ADD PRIMARY KEY (`id`),
  ADD KEY `electeurs_centrevote_id_index` (`centrevote_id`);

--
-- Index pour la table `failed_jobs`
--
ALTER TABLE `failed_jobs`
  ADD PRIMARY KEY (`id`),
  ADD UNIQUE KEY `failed_jobs_uuid_unique` (`uuid`);

--
-- Index pour la table `jobs`
--
ALTER TABLE `jobs`
  ADD PRIMARY KEY (`id`),
  ADD KEY `jobs_queue_index` (`queue`);

--
-- Index pour la table `job_batches`
--
ALTER TABLE `job_batches`
  ADD PRIMARY KEY (`id`);

--
-- Index pour la table `migrations`
--
ALTER TABLE `migrations`
  ADD PRIMARY KEY (`id`);

--
-- Index pour la table `password_reset_tokens`
--
ALTER TABLE `password_reset_tokens`
  ADD PRIMARY KEY (`email`);

--
-- Index pour la table `provinces`
--
ALTER TABLE `provinces`
  ADD PRIMARY KEY (`id`);

--
-- Index pour la table `sessions`
--
ALTER TABLE `sessions`
  ADD PRIMARY KEY (`id`),
  ADD KEY `sessions_user_id_index` (`user_id`),
  ADD KEY `sessions_last_activity_index` (`last_activity`);

--
-- Index pour la table `sieges`
--
ALTER TABLE `sieges`
  ADD PRIMARY KEY (`id`);

--
-- Index pour la table `users`
--
ALTER TABLE `users`
  ADD PRIMARY KEY (`id`),
  ADD UNIQUE KEY `users_email_unique` (`email`);

--
-- AUTO_INCREMENT pour les tables déchargées
--

--
-- AUTO_INCREMENT pour la table `arrondissements`
--
ALTER TABLE `arrondissements`
  MODIFY `id` bigint(20) UNSIGNED NOT NULL AUTO_INCREMENT, AUTO_INCREMENT=7;

--
-- AUTO_INCREMENT pour la table `centrevotes`
--
ALTER TABLE `centrevotes`
  MODIFY `id` bigint(20) UNSIGNED NOT NULL AUTO_INCREMENT, AUTO_INCREMENT=1067;

--
-- AUTO_INCREMENT pour la table `commoudepts`
--
ALTER TABLE `commoudepts`
  MODIFY `id` bigint(20) UNSIGNED NOT NULL AUTO_INCREMENT, AUTO_INCREMENT=42;

--
-- AUTO_INCREMENT pour la table `electeurs`
--
ALTER TABLE `electeurs`
  MODIFY `id` bigint(20) UNSIGNED NOT NULL AUTO_INCREMENT, AUTO_INCREMENT=2;

--
-- AUTO_INCREMENT pour la table `failed_jobs`
--
ALTER TABLE `failed_jobs`
  MODIFY `id` bigint(20) UNSIGNED NOT NULL AUTO_INCREMENT;

--
-- AUTO_INCREMENT pour la table `jobs`
--
ALTER TABLE `jobs`
  MODIFY `id` bigint(20) UNSIGNED NOT NULL AUTO_INCREMENT;

--
-- AUTO_INCREMENT pour la table `migrations`
--
ALTER TABLE `migrations`
  MODIFY `id` int(10) UNSIGNED NOT NULL AUTO_INCREMENT, AUTO_INCREMENT=12;

--
-- AUTO_INCREMENT pour la table `provinces`
--
ALTER TABLE `provinces`
  MODIFY `id` bigint(20) UNSIGNED NOT NULL AUTO_INCREMENT, AUTO_INCREMENT=6;

--
-- AUTO_INCREMENT pour la table `sieges`
--
ALTER TABLE `sieges`
  MODIFY `id` bigint(20) UNSIGNED NOT NULL AUTO_INCREMENT, AUTO_INCREMENT=6;

--
-- AUTO_INCREMENT pour la table `users`
--
ALTER TABLE `users`
  MODIFY `id` bigint(20) UNSIGNED NOT NULL AUTO_INCREMENT;

--
-- Contraintes pour les tables déchargées
--

--
-- Contraintes pour la table `centrevotes`
--
ALTER TABLE `centrevotes`
  ADD CONSTRAINT `centrevotes_arrondissement_id_foreign` FOREIGN KEY (`arrondissement_id`) REFERENCES `arrondissements` (`id`) ON DELETE CASCADE,
  ADD CONSTRAINT `centrevotes_commoudept_id_foreign` FOREIGN KEY (`commoudept_id`) REFERENCES `commoudepts` (`id`) ON DELETE CASCADE,
  ADD CONSTRAINT `centrevotes_province_id_foreign` FOREIGN KEY (`province_id`) REFERENCES `provinces` (`id`) ON DELETE CASCADE,
  ADD CONSTRAINT `centrevotes_siege_id_foreign` FOREIGN KEY (`siege_id`) REFERENCES `sieges` (`id`) ON DELETE CASCADE;

--
-- Contraintes pour la table `commoudepts`
--
ALTER TABLE `commoudepts`
  ADD CONSTRAINT `commoudepts_province_id_foreign` FOREIGN KEY (`province_id`) REFERENCES `provinces` (`id`) ON DELETE CASCADE;

--
-- Contraintes pour la table `electeurs`
--
ALTER TABLE `electeurs`
  ADD CONSTRAINT `electeurs_centrevote_id_foreign` FOREIGN KEY (`centrevote_id`) REFERENCES `centrevotes` (`id`) ON DELETE CASCADE;
COMMIT;

/*!40101 SET CHARACTER_SET_CLIENT=@OLD_CHARACTER_SET_CLIENT */;
/*!40101 SET CHARACTER_SET_RESULTS=@OLD_CHARACTER_SET_RESULTS */;
/*!40101 SET COLLATION_CONNECTION=@OLD_COLLATION_CONNECTION */;
